EUROMASTER BLANC-MESNIL - centre auto V.L.;190 AVENUE CHARLES FLOQUET9315 Blanc-mesnil;9315;48.9404296875;2.4462509155273438;Blanc-mesnil; 01 55 81 19 60;;
EUROMASTER ROSNY SOUS BOIS - centre auto et véhicules industriels VL/VI;183 BOULEVARD ALSACE LORRAINE93110 Rosny sous bois;93110;48.883056640625;2.491729736328125;Rosny sous bois; 01 56 63 06 80;;
EUROMASTER CREIL - centre véhicules industriels V.I.;Z.A. ECONOMIQUE & TERTIAIRE ST-MAXIMIN60100 Creil;60100;49.241943359375;2.4647979736328125;Creil; 03 44 64 66 20;;
EUROMASTER CHAMPIGNY - centre auto V.L.;146 AVENUE ROGER SALENGRORN494500 Champigny;94500;48.816162109375;2.501556396484375;Champigny; 01 48 81 32 12;;
EUROMASTER BLANC-MESNIL - centre véhicules industriels (V.I.);190 AVENUE CHARLES FLOQUET93150 Blanc-mesnil;93150;48.9404296875;2.4462509155273438;Blanc-mesnil; 01 48 67 17 40;;
EUROMASTER TREMBLAY - centre auto et véhicules industriels VL/VI;Zone de Fret 4 - Bâtiment 3459 - Rue de La Belle Borne93290 Tremblay;93290;48.9500732421875;2.5722198486328125;Tremblay; 01 77 65 27 10;;
EUROMASTER CREIL - centre auto V.L.;ZA ECONOMIQUE & TERTIAIRE ST-MAXIMIN60100 Creil;60100;49.2596435546875;2.4752883911132812;Creil; 03 44 64 66 80;;
EUROMASTER PONTAULT COMBAULT - centre auto V.L.;21 ROUTE DE PARISZAC DE LA TETE DE BUIS77340 Pontault combault;77340;48.777099609375;2.5934524536132812;Pontault combault; 01 82 70 00 20;;
EUROMASTER AUDINCOURT - Centre auto et véhicules industriels VL/VI;RUE DE LA JALESIE25403 Audincourt;25403;47.4873046875;6.8435211181640625;Audincourt; 03 81 35 02 28;;
EUROMASTER RUNGIS - centre auto et véhicules industriels VL/VI;2 RUE DES TRANSPORTSCENTRE ROUTIER94579 Rungis;94579;48.7548828125;2.3674850463867188;Rungis; 01 56 34 27 50;;
EUROMASTER VAUX LE PENIL - centre véhicules industriels V.I.;22 RUE DU MARECHAL JUIN77530 Vaux le penil;77530;48.5384521484375;2.6784515380859375;Vaux le penil; 01 64 39 12 63;;
EUROMASTER CORBEIL ESSONNES - centre auto V.L.;80 84 BOULEVARD DE FONTAINEBLEAU91100 Corbeil essonnes;91100;48.595947265625;2.4746856689453125;Corbeil essonnes; 01 60 89 15 25;;
EUROMASTER VAUX LE PENIL - centre auto V.L.;22 RUE DU MARECHAL JUIN77530 Vaux le penil;77530;48.5384521484375;2.6784515380859375;Vaux le penil; 01 64 79 77 90;;
EUROMASTER BELFORT - centre auto V.L.;AVENUE DE LA LAURENCIE90000 Belfort;90000;47.6409912109375;6.866729736328125;Belfort; 03 84 22 48 91;;
EUROMASTER NANTERRE - centre auto V.L.;74 & 76 AVENUE LENINE92000 Nanterre;92000;48.897216796875;2.2020187377929688;Nanterre; 01 55 69 16 00;;
EUROMASTER PARIS 17 - centre auto V.L.;181 TER AVENUE DE CLICHY75017 Paris;75017;48.89306640625;2.315704345703125;Paris; 01 53 06 67 00;;
EUROMASTER LAGNY S/MARNE - centre auto et véhicules industriels VL/VI;6-8 RUE CLAUDE CHAPPEZONE INDUSTRIELLE77400 Lagny s/marne;77400;48.874267578125;2.683074951171875;Lagny s/marne; 01 60 94 00 44;;
EUROMASTER VIRY CHATILLON - centre auto V.L.;134 AVENUE DU GENERAL DE GAULLERN 791170 Viry chatillon;91170;48.682373046875;2.3780288696289062;Viry chatillon; 01 69 44 30 07;;
EUROMASTER EPERNAY - MAGENTA - centre véhicules industriels V.I.;94 AVENUE A. THEVENET51530 Epernay;51530;49.057861328125;3.9650650024414062;Epernay; 03 26 55 27 47;;
EUROMASTER MASSY - centre véhicules industriels V.I.;12 RUE MARCEL PAULZ.I. DE LA BONDE91300 Massy;91300;48.7225341796875;2.2851943969726562;Massy; 01 69 20 38 20;;
EUROMASTER LONGJUMEAU - centre auto V.L.;5 ROUTE DE VERSAILLESPETIT CHAMPLAN91160 Longjumeau;91160;48.6988525390625;2.291351318359375;Longjumeau; 01 69 74 18 88;;
EUROMASTER COIGNIERES - centre auto V.L.;109 A115 ROUTE NATIONALE 1078310 Coignieres;78310;48.7496337890625;1.9252891540527344;Coignieres; 01 30 05 00 00;;
EUROMASTER VALENTON - centre auto V.L.;54 AVENUE HENRI BARBUSSE94460 Valenton;94460;48.7681884765625;2.4409255981445312;Valenton; 01 43 89 06 54;;
EUROMASTER COIGNIERES - centre véhicules industriels V.I.;109 A115 ROUTE NATIONALE 1078310 Coignieres;78310;48.7496337890625;1.9252891540527344;Coignieres; 01 30 49 06 40;;
EUROMASTER MASSY - centre auto V.L.;12 RUE MARCEL PAULZ.I. DE LA BONDE91300 Massy;91300;48.7225341796875;2.2851943969726562;Massy; 01 69 75 13 50;;
EUROMASTER EPERNAY - MAGENTA - centre auto V.L.;94 AVENUE A. THEVENET51530 Epernay;51530;49.057861328125;3.9650650024414062;Epernay; 03 26 55 90 40;;
EUROMASTER DOLE - centre auto et véhicules industriels VL/VI;24 AVENUE DU MAL JUIN39100 Dole;39100;47.0848388671875;5.4969940185546875;Dole; 03 84 70 81 11;;
EUROMASTER COULOMMIERS - centre auto et véhicules industriels VL/VI;8 RUE DE L'ORGEVALZONE INDUSTRIELLE77120 Coulommiers;77120;48.802490234375;3.0889739990234375;Coulommiers; 01 64 03 01 95;;
EUROMASTER PROVINS - centre auto et véhicules industriels VL/VI;ROUTE DE CHAMPBENOISTZAC DES BORDES77160 Provins;77160;48.5550537109375;3.302978515625;Provins; 01 64 00 03 23;;
EUROMASTER SENS - centre auto V.L.;105 RUE DU GENERAL DE GAULLE89100 Sens;89100;48.18994140625;3.2843551635742188;Sens; 03 86 83 87 30;;
EUROMASTER ROMILLY - centre auto et véhicules industriels VL/VI;223 RUE ARISTIDE BRIAND10100 Romilly;10100;48.510986328125;3.7228164672851562;Romilly; 03 25 21 04 44;;
EUROMASTER MONTMIRAIL - centre auto et véhicules industriels VL/VI;16 RUE DE LA GUINOTTERIEZI DU MONDAND51210 Montmirail;51210;48.8712158203125;3.5594863891601562;Montmirail; 03 26 81 22 14;;
EUROMASTER PITHIVIERS - centre auto et véhicules industriels VL/VI;ZAC DE SENIVESRUE JEAN MONNET45300 Pithiviers;45300;48.189208984375;2.2502212524414062;Pithiviers; 02 38 06 11 30;;
EUROMASTER VILLEMANDEUR - centre véhicules industriels V.I.;Z.A. - RUE DE LA BARAUDIERE45700 Villemandeur;45700;47.9727783203125;2.7225112915039062;Villemandeur; 02 38 07 15 70;;
EUROMASTER TOURY - centre auto et véhicules industriels VL/VI;RUE DE LA MALADRERIE28310 Toury;28310;48.186279296875;1.93084716796875;Toury; 02 37 90 41 90;;
EUROMASTER SARAN - centre auto et véhicules industriels VL/VI;168 RUE FRANCIS PERRIN45770 Saran;45770;47.950439453125;1.8603630065917969;Saran; 02 38 70 93 20;;
EUROMASTER PIERRELAYE - centre auto V.L.;121 AVENUE DU GENERAL LECLERCRN1495480 Pierrelaye;95480;49.0213623046875;2.145111083984375;Pierrelaye; 01 34 21 34 34;;
EUROMASTER HAGUENAU - centre auto V.L.;105, ROUTE DE STRASBOURG67500 Haguenau;67500;48.8043212890625;7.7714080810546875;Haguenau; 03 88 93 00 51;;
EUROMASTER CHATEAU-THIERRY - centre auto V.L.;38 AVENUE DE PARIS02400 Chateau-thierry;02400;49.04345703125;3.3803329467773438;Chateau-thierry; 03 23 84 88 20;;
EUROMASTER VERSAILLES - centre auto V.L.;77 RUE DES CHANTIERS78000 Versailles;78000;48.792724609375;2.1441802978515625;Versailles; 01 30 21 24 25;;
EUROMASTER ST-CYR-L ECOLE - centre auto V.L.;10, AVENUE HENRI BARBUSSE78210 St-cyr-l'ecole;78210;48.79443359375;2.0695648193359375;St-cyr-l'ecole; 01 30 45 29 72;;
EUROMASTER VIROFLAY - centre auto V.L.;199, AVENUE DU GENERAL LECLERC78220 Viroflay;78220;48.7998046875;2.1607513427734375;Viroflay; 01 30 24 49 96;;
EUROMASTER NEUILLY - centre auto V.L.;69, AVENUE DU GENERAL DE GAULLE92200 Neuilly;92200;48.8797607421875;2.2750778198242188;Neuilly; 01 46 24 33 69;;
EUROMASTER CHAVILLE - centre auto V.L.;403 AVENUE ROGER SALENGRO92370 Chaville;92370;48.814697265625;2.1933670043945312;Chaville; 01 77 70 01 90;;
EUROMASTER MONTMOROT - centre auto V.L.;CHEMIN DES SONDES39570 Montmorot;39570;46.6749267578125;5.533782958984375;Montmorot; 03 84 86 11 31;;
EUROMASTER MULHOUSE - centre auto V.L.;2 RUE ANTOINE HERTZOG68200 Mulhouse;68200;47.7474365234375;7.309326171875;Mulhouse; 03 89 33 17 38;;
EUROMASTER SENS - centre véhicules industriels V.I.;2 rue ChantecoqZ.I. DES VAUGUILLETTES89100 Sens;89100;48.19482421875;3.3220062255859375;Sens; 03 86 95 80 55;;
EUROMASTER AUXERRE - centre véhicules industriels V.I.;14 ALLEE DES FRERES LUMIERE89000 Auxerre;89000;47.8126220703125;3.5852813720703125;Auxerre; 03 86 18 00 40;;
EUROMASTER AUXERRE - centre auto V.L.;15 ALLEE DES FRERES LUMIERE89000 Auxerre;89000;47.8126220703125;3.5852813720703125;Auxerre; 03 86 18 00 30;;
EUROMASTER MONTEREAU - centre auto et véhicules industriels VL/VI;7 RUE DES GRANDES HAIESZI77130 Montereau;77130;48.3861083984375;2.9686508178710938;Montereau; 01 64 32 11 98;;
EUROMASTER NEMOURS - centre auto V.L.;16 RUE D'EGREVILLE77140 Nemours;77140;48.2645263671875;2.7156600952148438;Nemours; 01 64 28 11 21;;
EUROMASTER ST GERMAIN - centre véhicules industriels V.I.;ROUTE D'AUXERRE - RN 7710120 Saint germain;10120;48.25537109375;4.031768798828125;Saint germain; 03 25 75 88 40;;
EUROMASTER MONTARGIS - centre auto V.L.;64 RUE JEAN JAURES45200 Montargis;45200;47.9920654296875;2.7321548461914062;Montargis; 02 38 93 38 33;;
EUROMASTER ST GERMAIN - centre auto V.L.;ROUTE D'AUXERRE - RN 7710120 Saint germain;10120;48.2578125;4.0306854248046875;Saint germain; 03 51 35 80 40;;
EUROMASTER STRASBOURG - centre auto V.L.;280 AVENUE DE COLMAR67100 Strasbourg;67100;48.5516357421875;7.7430572509765625;Strasbourg; 03 88 65 70 42;;
EUROMASTER ST-MARTIN-D-HERES - centre auto V.L.;91 AVENUE GABRIEL PERI38400 St-martin-d'heres;38400;45.1856689453125;5.7622833251953125;St-martin-d'heres; 04 76 42 10 59;;
EUROMASTER ST-EGREVE - centre auto V.L.;Z.I. - AVENUE DE L'ILE BRUNE38120 St-egreve;38120;45.216796875;5.681640625;St-egreve; 04 76 75 86 69;;
EUROMASTER VOIRON - centre auto V.L.;6 RUE DE L'INDUSTRIE38500 Voiron;38500;45.3594970703125;5.5948028564453125;Voiron; 04 76 05 06 39;;
EUROMASTER ECHIROLLES QUINZAINE - centre auto V.L.;71 COURS JEAN JAURES38130 Echirolles;38130;45.150146484375;5.706573486328125;Echirolles; 04 76 09 11 95;;
EUROMASTER BESANCON - Centre auto et véhicules industriels VL/VI;22 BIS RUE AUGUSTE JOUCHOUX25000 Besancon;25000;47.240478515625;5.98675537109375;Besancon; 03 81 53 06 96;;
EUROMASTER ST-EGREVE - centre véhicules industriels V.I.;54 RUE DU PONT NOIRZI DE L ILE BRUNE38120 St-egreve;38120;45.2252197265625;5.6775360107421875;St-egreve; 04 38 02 19 51;;
EUROMASTER COLMAR - centre auto et véhicules industriels VL/VI;64 RUE DES PAPETERIES68000 Colmar;68000;48.0927734375;7.3557586669921875;Colmar; 03 89 41 17 14;;
EUROMASTER FONTAINE - centre auto V.L.;39 BOULEVARD PAUL LANGEVIN38600 Fontaine;38600;45.1898193359375;5.6820526123046875;Fontaine; 04 76 26 32 45;;
EUROMASTER HAGUENAU - centre véhicules industriels V.I.;15 ROUTE DE BITCHE4 CHEMIN DES PRAIRIES67500 Haguenau;67500;48.8189697265625;7.780975341796875;Haguenau; 03 88 73 30 79;;
EUROMASTER DIJON ST APOLLINAIRE - centre véhicules industriels V.I.;RUE DE LA GOULETTEZAC DU BOIS GUILLAUME21850 Dijon;21850;47.337158203125;5.101531982421875;Dijon; 03 80 28 85 30;;
EUROMASTER CHALON S/SAONE - centre auto et véhicules industriels VL/VI;RUE PIERRE DE COUBERTINZ.I. NORD71100 Chalon s/saone;71100;46.80859375;4.8518524169921875;Chalon s/saone; 03 85 46 82 60;;
EUROMASTER DIJON ST-APOLLINAIRE - centre auto V.L.;RUE DE LA GOULETTEZAC DU BOIS GUILLAUME21850 Dijon;21850;47.337158203125;5.101531982421875;Dijon; 03 80 28 85 20;;
EUROMASTER MUTZIG - centre auto V.L.;ESPACE ATRIUM67190 Mutzig;67190;48.5299072265625;7.471038818359375;Mutzig; 03 88 38 06 53;;
EUROMASTER VENISSIEUX - centre auto V.L.;69 RUE A.SENTUCZAC DE L'ARSENAL69200 Venissieux;69200;45.70751953125;4.8748016357421875;Venissieux; 04 72 90 13 90;;
EUROMASTER VILLEFRANCHE S/SAONE - centre véhicules industriels V.I.;AVENUE EDOUARD HERRIOT69400 Villefranche s/saone;69400;45.9783935546875;4.7235260009765625;Villefranche s/saone; 04 74 65 86 60;;
EUROMASTER VILLEFRANCHE S/SAONE - centre auto V.L.;AVENUE EDOUARD HERRIOTZI69400 Villefranche s/saone;69400;45.9783935546875;4.7235260009765625;Villefranche s/saone; 04 74 09 43 90;;
EUROMASTER DECINES - centre auto V.L.;239 AVENUE JEAN JAURES69150 Decines;69150;45.77099609375;4.960723876953125;Decines; 04 78 49 37 71;;
EUROMASTER CALUIRE - centre auto V.L.;7 RUE DES MARGNOLLES69300 Caluire;69300;45.7823486328125;4.8336334228515625;Caluire; 04 72 10 07 55;;
EUROMASTER LYON GERLAND - centre auto V.L.;153 RUE MARCEL MERIEUX69007 Lyon;69007;45.737548828125;4.8296966552734375;Lyon; 04 78 72 73 87;;
EUROMASTER FERNEY VOLTAIRE - centre auto et véhicules industriels VL/VI;19 RUE DE LA POTERIE01210 Ferney voltaire;01210;46.25341796875;6.117828369140625;Ferney voltaire; 04 50 40 58 02;;
EUROMASTER SARREBOURG - centre auto et véhicules industriels VL/VI;5 RUE DU DOCTEUR SCHWEITZER57400 Sarrebourg;57400;48.738525390625;7.0540313720703125;Sarrebourg; 03 87 25 71 43;;
EUROMASTER SAINT PIERRE EN FAUCIGNY - centre véhicules industriels V.I.;30 RUE CHAMPS PLANSLIEU DIT LES JOURDIES74800 Saint pierre en faucigny;74800;46.07470703125;6.3780364990234375;Saint pierre en faucigny; 04 50 25 07 08;;
EUROMASTER LA ROCHE SUR FORON - centre auto V.L.;AVENUE LUCIEN RANNARD74800 La roche sur foron;74800;46.0694580078125;6.3026885986328125;La roche sur foron; 04 50 03 10 46;;
EUROMASTER BONNEVILLE - centre auto V.L.;744 AVENUE DE GENEVE74130 Bonneville;74130;46.0848388671875;6.4015045166015625;Bonneville; 04 50 97 02 22;;
EUROMASTER SELESTAT - centre auto V.L.;28 RUE DE COLMAR67600 Selestat;67600;48.254638671875;7.441436767578125;Selestat; 03 88 92 86 80;;
EUROMASTER CHAMBERY LA RAVOIRE - centre véhicules industriels V.I.;RN 6Z.I. DE LA TROUSSE73490 Chambery la ravoire;73490;45.563232421875;5.9618988037109375;Chambery la ravoire; 04 79 72 82 41;;
EUROMASTER ANNECY SEYNOD - centre véhicules industriels V.I.;6 RUE DE LA CEZIEREZ.I. DE VOVRAY74600 Annecy seynod;74600;45.8858642578125;6.1116180419921875;Annecy seynod; 04 50 51 31 41;;
EUROMASTER ST-JEAN DE MAURIENNE - centre auto et véhicules industriels VL/VI;PLACE DU CHAMP DE FOIRE73300 St-jean de maurienne;73300;45.2789306640625;6.3474578857421875;St-jean de maurienne; 04 79 83 50 03;;
EUROMASTER ANNECY SEYNOD - centre auto V.L.;6 RUE DE LA CEZIEREZ.I. DE VOVRAY74600 Annecy seynod;74600;45.8858642578125;6.1116180419921875;Annecy seynod; 04 50 45 99 70;;
EUROMASTER CONFLANS - centre véhicules industriels V.I.;9 RUE DE L'ACTIVITEZI DU CHAMP GAILLARD78700 Conflans;78700;49.0106201171875;2.0910720825195312;Conflans; 01 39 72 04 00;;
EUROMASTER VALENCE - centre véhicules industriels V.I.;RUE LOUIS SAILLANTZI DE LA MOTTE26000 Valence;26000;44.885498046875;4.863067626953125;Valence; 04 75 57 67 40;;
EUROMASTER SALAISE S/SANNE - centre véhicules industriels V.I.;318 RUE DES BALMES38150 Salaise s/sanne;38150;45.336669921875;4.8019561767578125;Salaise s/sanne; 04 74 29 42 62;;
EUROMASTER BOURGOIN - Centre auto et véhicules industriels VL/VI;Z.I. DE LA MALADIERE4 RUE ISAAC ASIMOV38300 Bourgoin;38300;45.590087890625;5.2483062744140625;Bourgoin; 04 74 19 00 90;;
EUROMASTER VALENCE - centre auto V.L.;AVENUE DE PROVENCEPONT DES ANGLAIS26000 Valence;26000;44.861328125;4.8748016357421875;Valence; 04 75 44 13 40;;
EUROMASTER SALAISE S/SANNE - centre auto V.L.;219 RUE D'ALEMBERTZ.A CHAMPS ROLLAND38150 Salaise s/sanne;38150;45.3406982421875;4.8026275634765625;Salaise s/sanne; 04 74 11 12 90;;
EUROMASTER LYON LUMIERE - centre auto V.L.;22 BIS RUE ANTOINE LUMIERE69008 Lyon;69008;45.7420654296875;4.8690185546875;Lyon; 04 78 77 01 61;;
EUROMASTER ALBERTVILLE - centre véhicules industriels V.I.;RUE LOUIS ARMAND73200 Albertville;73200;45.6563720703125;6.3697509765625;Albertville; 04 79 10 02 21;;
EUROMASTER CHAMBERY ST ALBAN - centre auto V.L.;672 AVENUE DE CHAMBERYST ALBAN EN LEYSSE73230 Chambery st alban;73230;45.5731201171875;5.957550048828125;Chambery st alban; 04 79 33 20 09;;
EUROMASTER ALBERTVILLE - centre auto V.L.;156 RUE LOUIS ARMAND73200 Albertville;73200;45.656982421875;6.3695526123046875;Albertville; 04 79 32 04 60;;
EUROMASTER CORBAS - centre véhicules industriels V.I.;52 RUE LOUIS PRADELZ.I. DE CORBAS69960 Corbas;69960;45.67529296875;4.915069580078125;Corbas; 04 37 25 33 01;;
EUROMASTER DARDILLY - centre auto V.L.;RUE MOULIN CARRONZ.I. LE PAISY69570 Dardilly;69570;45.8035888671875;4.7663116455078125;Dardilly; 04 78 35 58 50;;
EUROMASTER LYON BERTHELOT - centre auto V.L.;190 AVENUE BERTHELOT69007 Lyon;69007;45.7412109375;4.8539276123046875;Lyon; 04 78 72 41 76;;
EUROMASTER LYON BOURGOGNE - centre auto V.L.;48 RUE DE BOURGOGNE69009 Lyon;69009;45.77978515625;4.8012847900390625;Lyon; 04 78 83 77 76;;
EUROMASTER CHENOVE - centre auto V.L. Près de Dijon;11 RUE A. BECQUEREL21300 Chenove;21300;47.290283203125;5.023040771484375;Chenove; 03 80 52 54 70;;
EUROMASTER BEAUVAIS - centre auto V.L.;21 AVENUE BLAISE PASCAL60000 Beauvais;60000;49.41796875;2.105224609375;Beauvais; 03 44 14 31 10;;
EUROMASTER BEAUVAIS - centre véhicules industriels V.I.;21 AVENUE BLAISE PASCAL60000 Beauvais;60000;49.41796875;2.105224609375;Beauvais; 03 44 14 33 90;;
EUROMASTER MONTDIDIER - centre auto et véhicules industriels VL/VI;30 AVENUE MAURICE LECONTE80500 Montdidier;80500;49.6422119140625;2.5567703247070312;Montdidier; 03 22 37 08 67;;
EUROMASTER CORBAS - centre auto V.L.;52 RUE LOUIS PRADELZ.I. DE CORBAS69960 Corbas;69960;45.67529296875;4.915069580078125;Corbas; 04 78 20 98 56;;
EUROMASTER PERONNAS - centre auto et véhicules industriels VL/VI;738, AVENUE DE LYON01960 Peronnas;01960;46.18603515625;5.208038330078125;Peronnas; 04 74 21 20 99;;
EUROMASTER CLERMONT-FERRAND - centre véhicules industriels V.I.;14 RUE DES FRERES LUMIEREZ.I. DU BREZET63100 Clermont-ferrand;63100;45.7862548828125;3.1302413940429688;Clermont-ferrand; 04 73 14 60 10;;
EUROMASTER NEVERS - centre auto et véhicules industriels VL/VI;3 RUE DES MOUESSES58000 Nevers;58000;46.9888916015625;3.1714935302734375;Nevers; 03 86 93 08 40;;
EUROMASTER ST-ETIENNE NEYRET - centre véhicules industriels V.I.;22 RUE JEAN NEYRET42000 St-etienne;42000;45.456787109375;4.4009552001953125;St-etienne; 04 77 49 75 90;;
EUROMASTE ROANNE LE COTEAU - centre auto et véhicules industriels VL/VI;47 BOULEVARD CHARLES DE GAULLE42120 Le coteau;42120;46.0113525390625;4.0970611572265625;Le coteau; 04 77 70 04 44;;
EUROMASTER ST ETIENNE NEYRET - centre auto V.L.;22 RUE JEAN NEYRET42000 St-etienne;42000;45.456787109375;4.4009552001953125;St-etienne; 04 77 49 08 77;;
EUROMASTER CLERMONT-FERRAND CLEMENTEL - centre auto V.L.;238 BOULEVARD ETIENNE CLEMENTEL63100 Clermont-ferrand;63100;45.8153076171875;3.109527587890625;Clermont-ferrand; 04 73 16 12 20;;
EUROMASTER VIERZON - centre auto V.L.;27 AVENUE DU 14 JUILLET18100 Vierzon;18100;47.2142333984375;2.0643463134765625;Vierzon; 02 48 53 07 20;;
EUROMASTER LIMOGES - centre véhicules industriels V.I.;5-9 RUE AUGUSTE COMTE87000 Limoges;87000;45.873291015625;1.2689437866210938;Limoges; 05 55 38 84 20;;
EUROMASTER MONTLUCON - centre auto et véhicules industriels VL/VI;1 RUE DE BLANZAT03100 Montlucon;03100;46.3487548828125;2.599212646484375;Montlucon; 04 70 08 43 30;;
EUROMASTER FEYTIAT - centre auto V.L. Près de Limoges;ROUTE D'EYMOUTIERSZ.I. DU PONTEIX87220 Feytiat;87220;45.81005859375;1.3288650512695312;Feytiat; 05 55 06 06 47;;
EUROMASTER TOULON SUR ALLIER - centre véhicules industriels V.I.;PARC D'ACTIVITE LOGISTIQUE SUD ZAC DES GRIS03400 Toulon sur allier;03400;46.5140380859375;3.3601913452148438;Toulon sur allier; 04 70 46 90 81;;
EUROMASTER MOULINS - centre auto V.L.;103 ROUTE DE LYON03000 Moulins;03000;46.5489501953125;3.33935546875;Moulins; 04 70 46 31 42;;
EUROMASTER ISSOIRE - centre auto V.L.;63 BOULEVARD KENNEDY63500 Issoire;63500;45.5545654296875;3.2494659423828125;Issoire; 04 73 89 18 83;;
EUROMASTER AURILLAC - centre véhicules industriels V.I.;AVENUE DE CONTHE15000 Aurillac;15000;44.91259765625;2.4247055053710938;Aurillac; 04 71 63 90 04;;
EUROMASTER BRIVE - centre véhicules industriels V.I.;IMPASSE DE LA SARRETIE19100 Brive;19100;45.1470947265625;1.4877777099609375;Brive; 05 55 88 96 29;;
EUROMASTER THIERS - centre auto et véhicules industriels VL/VI;AVENUE LEO LAGRANGEZ.I. LES MOLLES63300 Thiers;63300;45.8494873046875;3.5368270874023438;Thiers; 04 73 80 15 97;;
EUROMASTER BRIOUDE - Centre auto et véhicules industriels VL/VI;AVENUE D'AUVERGNEZ.I. SAINT-FERREOL43100 Brioude;43100;45.3026123046875;3.378692626953125;Brioude; 04 71 50 37 01;;
EUROMASTER LIMOGES COMTE - centre auto V.L.;5-9 RUE AUGUSTE COMTEZI NORD87000 Limoges;87000;45.873291015625;1.2689437866210938;Limoges; 05 55 38 10 71;;
EUROMASTER AURILLAC - centre auto V.L.;AVENUE DE CONTHE15000 Aurillac;15000;44.91259765625;2.4247055053710938;Aurillac; 04 71 63 73 52;;
EUROMASTER MOULINS AVERMES - centre auto V.L.;36 ROUTE DE PARIS03000 Moulins;03000;46.569580078125;3.3296127319335938;Moulins; 04 70 46 90 70;;
EUROMASTER YSSINGEAUX - centre auto et véhicules industriels VL/VI;ZA LA GUIDE LIEU-DIT LE FROMENTAL43200 Yssingeaux;43200;45.1431884765625;4.1240081787109375;Yssingeaux; 04 71 59 18 13;;
EUROMASTER AUBIERE - centre auto V.L.;49 AVENUE LAVOISIERZAC DES VARENNES63170 Aubiere;63170;45.755615234375;3.14288330078125;Aubiere; 04 73 26 03 04;;
EUROMASTER BRIVE - centre auto V.L.;26 RUE JEAN CHARLES RIVET19100 Brive;19100;45.1502685546875;1.4970741271972656;Brive; 05 55 88 96 39;;
EUROMASTER TOULON LA GARDE - centre auto et véhicules industriels VL/VI;13 Impasse Edouard Branly83130 Toulon la garde;83130;43.143310546875;6.037750244140625;Toulon la garde; 04 94 08 01 48;;
EUROMASTER MEYZIEU - centre auto V.L.;34, RUE PAUL CEZANNE69330 Meyzieu;69330;45.768310546875;4.9874114990234375;Meyzieu; 04 78 04 30 29;;
EUROMASTER MOUTIERS - centre auto V.L.;C.C ZAC DE LA CHAUBANNE - AV DES JEUX OLYMPIQUES73600 Moutiers;73600;45.4869384765625;6.5312652587890625;Moutiers; 04 79 24 21 95;;
EUROMASTER DRAGUIGNAN - centre auto V.L.;QUARTIER ST LEGERROUTE NATIONALE 55583300 Draguignan;83300;43.53369140625;6.461578369140625;Draguignan; 04 94 50 45 70;;
EUROMASTER CASTRES - centre auto et véhicules industriels VL/VI;88 ROUTE DE TOULOUSE81100 Castres;81100;43.5928955078125;2.2145538330078125;Castres; 05 63 59 33 83;;
EUROMASTER CLERMONT-FERRAND ROSIER - centre auto V.L.;53 BD JEAN BAPTISTE DUMAS63000 Clermont-ferrand;63000;45.78662109375;3.0909576416015625;Clermont-ferrand; 04 63 30 10 30;;
EUROMASTER CLERMONT-FERRAND KEPLER - centre auto V.L.;LE KEPLER 2 - Z.I DU BREZET - 2 RUE KEPLERZ.I DU BREZET63100 Clermont-ferrand;63100;45.7801513671875;3.1211776733398438;Clermont-ferrand; 04 73 14 55 40;;
EUROMASTER LUDRES - centre auto V.L.;145 RUE PASTEUR54710 Ludres;54710;48.617919921875;6.1787261962890625;Ludres; 03 83 50 19 19;;
EUROMASTER ANGOULEME - centre véhicules industriels V.I.;37 BOULEVARD BESSON BEYPORT L'HOUMEAU16000 Angouleme;16000;45.657470703125;0.16039609909057617;Angouleme; 05 45 22 97 00;;
EUROMASTER ANGOULEME - centre auto V.L.;37 BOULEVARD BESSON BEYPORT L'HOUMEAU16000 Angouleme;16000;45.657470703125;0.16039609909057617;Angouleme; 05 45 92 41 86;;
EUROMASTER PERIGNY - centre auto et véhicules industriels VL/VI;RUE MARIOTTE17180 Perigny;17180;46.16455078125;-1.0948257446289062;Perigny; 05 46 55 44 60;;
EUROMASTER ROYAN - centre auto V.L.;50 BOULEVARD DE LATTRE DE TASSIGNY17200 Royan;17200;45.625732421875;-1.0212936401367188;Royan; 05 46 05 54 24;;
EUROMASTER EVREUX FOCH - centre auto V.L.;54 AVENUE FOCH27000 Evreux;27000;49.023681640625;1.1324920654296875;Evreux; 02 32 33 91 08;;
EUROMASTER LOUVIERS - centre auto V.L.;49 RUE DE PARIS27400 Louviers;27400;49.207763671875;1.1826591491699219;Louviers; 02 32 25 59 00;;
EUROMASTER ST-MARCEL - centre auto V.L. Près de Vernon;11 RUE DE LA GARENNEZI27200 St-marcel;27200;49.1029052734375;1.4582939147949219;St-marcel; 02 32 21 68 04;;
EUROMASTER GELLAINVILLE - centre auto et véhicules industriels VL/VI;28 Avenue Louis PASTEUR28630 Gellainville;28630;48.4322509765625;1.5275535583496094;Gellainville; 02 37 88 42 20;;
EUROMASTER ALENCON - Centre auto et véhicules industriels VL/VI;Z.I. NORD - 26 RUE LAZARE CARNOT61000 Alencon;61000;48.446533203125;0.09243035316467285;Alencon; 02 33 81 28 50;;
EUROMASTER EU - centre auto et véhicules industriels VL/VI;7 RUE DES BELGES76260 Eu;76260;50.0565185546875;1.4224510192871094;Eu; 02 27 28 03 40;;
EUROMASTER BAPEAUME LES ROUEN/CANTELEU - centre auto V.L.;CENTRE COMMERCIAL LECLERC9021 RUE DU CANAL76320 Bapeaume les rouen/canteleu;76320;49.45556640625;1.0443382263183594;Bapeaume les rouen/canteleu; 02 35 74 27 69;;
EUROMASTER EVREUX - centre véhicules industriels V.I.;2 RUE DE LANGLE DE CARYZ.I N2 - LA MADELEINE27000 Evreux;27000;49.0003662109375;1.1444816589355469;Evreux; 02 32 28 50 30;;
EUROMASTER ROUEN - centre auto V.L.;PLACE DES EMMUREES76100 Rouen;76100;49.4334716796875;1.0877761840820312;Rouen; 02 35 72 32 38;;
EUROMASTER MANTES LA VILLE - centre auto V.L.;125 BOULEVARD ROGER SALENGRO78200 Mantes la ville;78200;48.9876708984375;1.7075233459472656;Mantes la ville; 01 30 92 49 49;;
EUROMASTER MANTES LA VILLE - centre véhicules industriels V.I.;125 BOULEVARD ROGER SALENGRO78200 Mantes la ville;78200;48.9876708984375;1.7075233459472656;Mantes la ville; 01 30 92 93 04;;
EUROMASTER POISSY - centre auto V.L.;40 BOULEVARD ROBESPIERRE/43BOULEVARD DEVAUX78300 Poissy;78300;48.9329833984375;2.0476531982421875;Poissy; 01 30 06 31 40;;
EUROMASTER LE NEUBOURG - centre auto et véhicules industriels VL/VI;441 ROUTE D'ELBEUFVITOT27110 Le neubourg;27110;49.162109375;0.9010658264160156;Le neubourg; 02 32 35 10 47;;
EUROMASTER DREUX - centre auto et véhicules industriels VL/VI;27 AVENUE DES FENOTS28100 Dreux fenots;28100;48.740234375;1.34979248046875;Dreux fenots; 02 37 62 55 15;;
EUROMASTER SAINT ETIENNE DU ROUVRAY - centre auto et véhicules industriels VL/VI;RUE DE LA GRANDE EPINEZ.I EST76808 Saint etienne du rouvray;76808;49.3961181640625;1.1136322021484375;Saint etienne du rouvray; 02 32 91 74 40;;
EUROMASTER COLMAR HOUSSEN - centre auto V.L. Près de Colmar;CENTRE COMMERCIAL CORA68027 Houssen;68027;48.0859375;7.351806640625;Houssen; 03 89 21 07 00;;
EUROMASTER ST DIE - centre auto V.L.;821 RUE ERNEST CHARLIERSTE MARGUERITE88100 St die;88100;48.272216796875;6.9702606201171875;St die; 03 29 42 10 35;;
EUROMASTER VILLERS SEMEUSE - centre auto V.L.;RN 64CENTRE COMMERCIAL CORA08340 Villers semeuse;08340;49.7457275390625;4.7462005615234375;Villers semeuse; 03 24 57 68 89;;
EUROMASTER MASSY CORA - centre auto V.L.;120 AVENUE DE L'EUROPECENTRE COMMERCIAL CORA91885 Massy;91885;48.72705078125;2.2764663696289062;Massy; 01 64 53 13 55;;
EUROMASTER LIMOGES BEAUBREUIL - centre auto V.L.;Route de ParisZAC DE BEAUBREUIL87280 Limoges;87280;45.88134765625;1.2908859252929688;Limoges; 05 55 35 07 45;;
EUROMASTER LEMPDES - centre auto V.L.;ROUTE NATIONALE 89CENTRE COMMERCIAL CORA63370 Lempdes;63370;45.77490234375;3.1962432861328125;Lempdes; 04 73 83 75 20;;
EUROMASTER EPINAL - centre auto V.L.;13 AVENUE DE LA FONTENELLE88000 Epinal;88000;48.189453125;6.4422149658203125;Epinal; 03 29 81 50 00;;
EUROMASTER GOLBEY - centre véhicules industriels V.I.;64 RUE DE LORRAINELA COTE OLIE - RN788190 Golbey;88190;48.21337890625;6.4396514892578125;Golbey; 03 29 81 11 20;;
EUROMASTER SAINT DIE DES VOSGES - centre véhicules industriels V.I.;38 ROUTE DE RAON - D8588100 Saint die des vosges;88100;48.3072509765625;6.924224853515625;Saint die des vosges; 03 29 53 14 14;;
EUROMASTER SAINT NABORD - centre véhicules industriels V.I. Près de Epinal;24 RANFAINGECHANGEUR MOULIN88200 Saint nabord;88200;48.0535888671875;6.583587646484375;Saint nabord; 03 29 62 80 10;;
EUROMASTER ST DIE VILLAUME - centre auto V.L.;38 ROUTE DE RAON L'ETAPE88100 St die des vosges;88100;48.2835693359375;6.94891357421875;St die des vosges; 03 29 53 14 18;;
EUROMASTER ST NABORD - centre auto V.L.;24 RANFAING88200 Saint nabord;88200;48.0301513671875;6.576568603515625;Saint nabord; 03 29 62 23 13;;
EUROMASTER ILLZACH - centre véhicules industriels V.I.;RUE D'ANNECY68110 Illzach;68110;47.7711181640625;7.37896728515625;Illzach; 03 89 31 12 61;;
EUROMASTER ILLZACH - centre auto V.L.;11/15 RUE DE LONDRESAV. DE FRIBOURG68110 Illzach;68110;47.766845703125;7.381561279296875;Illzach; 03 89 61 82 81;;
EUROMASTER LUDRES - centre véhicules industriels V.I.;422 RUE PIERRE ET MARIE CURIEZI DU FRANCLOS54710 Ludres;54710;48.6171875;6.1822509765625;Ludres; 03 83 57 33 15;;
EUROMASTER VESOUL - centre auto V.L.;22 BOULEVARD CHARLES DE GAULLE70000 Vesoul;70000;47.6158447265625;6.1527862548828125;Vesoul; 03 84 75 34 32;;
EUROMASTER STRASBOURG PORT DU RHIN - centre véhicules industriels V.I.;3 RUE DE BAYONNEZONE EUROFRET67400 Strasbourg;67400;48.527587890625;7.7862701416015625;Strasbourg; 03 88 39 39 09;;
EUROMASTER STRASBOURG BOUCHERS - centre auto V.L.;6 rue du Doubs67100 Strasbourg;67100;48.5623779296875;7.7344512939453125;Strasbourg; 03 68 33 15 50;;
EUROMASTER AVALLON - centre auto V.L.;AVENUE DU GL LECLERCCENTRE COM. AUCHAN89200 Avallon;89200;47.4979248046875;3.90838623046875;Avallon; 03 86 34 56 64;;
EUROMASTER LONGWY - centre auto et véhicules industriels VL/VI;COSNES ET ROMAINZ.I. DES 4 CHEMINS54400 Longwy;54400;49.5191650390625;5.7117767333984375;Longwy; 03 82 23 94 77;;
EUROMASTER ARGANCY - centre véhicules industriels V.I.;Z.I. D' ENNERY57640 Argancy;57640;49.2154541015625;6.2088623046875;Argancy; 03 87 73 55 40;;
EUROMASTER CAEN - centre auto V.L.;2 RUE DU CHEMIN VERTANGLE BOULEVARD DUNOIS14000 Caen;14000;49.184814453125;-0.3851747512817383;Caen; 02 31 73 43 18;;
EUROMASTER GRENTHEVILLE - centre véhicules industriels V.I.;Z.I. MONDEVILLE SUD14540 Grentheville;14540;49.1484375;-0.2885093688964844;Grentheville; 02 31 82 89 70;;
EUROMASTER CAEN SUD - centre auto V.L.;SORTIE PERIPHERIQUE 15ZI CENTRE ROUTIER MONDEVILLE SUD14540 Grentheville;14540;49.1484375;-0.2885093688964844;Grentheville; 02 31 82 89 80;;
EUROMASTER PLERIN - centre véhicules industriels V.I. Près de Saint-Brieuc;21 RUE LEQUIERESPACE ARTISANAL ET ROSENGART22190 Plerin;22190;48.5413818359375;-2.7760391235351562;Plerin; 02 96 79 28 60;;
EUROMASTER TREGUEUX - centre auto V.L. Près de Saint-Brieuc;13 RUE MARC SEGUINZone commerciale de la HAZAIE22950 Tregueux;22950;48.4891357421875;-2.7226333618164062;Tregueux; 02 96 79 94 00;;
EUROMASTER LANDERNEAU - centre véhicules industriels V.I.;27 RUE HERVE DE GUEBRIANT29800 Landerneau;29800;48.4500732421875;-4.25921630859375;Landerneau; 02 98 85 68 50;;
EUROMASTER LANDERNEAU - centre auto V.L.;27 RUE HERVE DE GUEBRIANT29800 Landerneau;29800;48.450439453125;-4.2620697021484375;Landerneau; 02 98 30 35 80;;
EUROMASTER CESSON SEVIGNE - centre véhicules industriels V.I.;RUE DES CHARMILLESZ.I. SUD EST - CHANTEPIE35510 Cesson sevigne;35510;48.1031494140625;-1.6219024658203125;Cesson sevigne; 02 99 53 23 53;;
EUROMASTER FOUGERES - centre véhicules industriels V.I.;BOULEVARD GROSLAY35300 Fougeres;35300;48.364990234375;-1.1849517822265625;Fougeres; 02 99 94 45 45;;
EUROMASTER REDON - centre véhicules industriels V.I.;ROUTE DE VANNES35600 Redon;35600;47.65576171875;-2.0823898315429688;Redon; 02 99 70 35 40;;
EUROMASTER RENNES - centre auto V.L.;70 MAIL FRANCOIS MITERRAND35000 Rennes;35000;48.108642578125;-1.6938819885253906;Rennes; 02 99 59 35 29;;
EUROMASTER RENNES - centre véhicules industriels V.I.;67 RUE DU MANOIR DE SERVIGNEROUTE DE LORIENT35000 Rennes;35000;48.1048583984375;-1.7463874816894531;Rennes; 02 99 14 57 59;;
EUROMASTER ST MALO - centre auto et véhicules industriels VL/VI;LE FORUM DES ENTREPRISES ZI SUD AV GENERAL FERRIE35400 St-malo;35400;48.638427734375;-1.9841766357421875;St-malo; 02 23 18 38 00(VI) / 02 99 56 41 41(VL);;
EUROMASTER VITRE - centre véhicules industriels V.I.;AVENUE D'HELMSTEDT35500 Vitre;35500;48.119873046875;-1.1874198913574219;Vitre; 02 23 55 11 20;;
EUROMASTER CESSON SEVIGNE - centre auto V.L.;RUE DES CHARMILLESZ.I. SUD EST - CHANTEPIE35510 Cesson sevigne;35510;48.1031494140625;-1.6219024658203125;Cesson sevigne; 02 99 53 77 77;;
EUROMASTER RENNES ROUTE DE LORIENT - centre auto V.L.;67 RUE DU MANOIR DE SERVIGNEROUTE DE LORIENT35000 Rennes;35000;48.1048583984375;-1.7463874816894531;Rennes; 02 99 14 67 00;;
EUROMASTER FOUGERES - centre auto V.L.;BOULEVARD GROSLAY35300 Fougeres;35300;48.364990234375;-1.1849517822265625;Fougeres; 02 99 17 01 70;;
EUROMASTER REDON - centre auto V.L.;ROUTE DE VANNES5 boulevard d'Armorique35600 Redon;35600;47.6416015625;-2.0923233032226562;Redon; 02 99 70 34 00;;
EUROMASTER VITRE - centre auto V.L.;AVENUE D'HELMSTEDT35500 Vitre;35500;48.119873046875;-1.1874198913574219;Vitre; 02 23 55 11 30;;
EUROMASTER JOUY AUX ARCHES - centre auto V.L.;6, ALLEE DES TILLEULS57130 Jouy aux Arches;57130;49.0739854;6.101922100000024;Jouy aux Arches; 03 87 65 00 56;;
EUROMASTER CARQUEFOU - centre véhicules industriels V.I.;36 RUE DE GRANDE-BRETAGNE44477 Carquefou;44477;47.2591552734375;-1.5061111450195312;Carquefou; 02 51 85 28 90;;
EUROMASTER ORVAULT - centre auto V.L.;262 ROUTE DE VANNES44700 Orvault;44700;47.2442626953125;-1.5994834899902344;Orvault; 02 51 77 82 30;;
EUROMASTER NANTES - centre auto V.L.;13 BOULEVARD DES MARTYRS NANTAIS44000 Nantes;44000;47.2171630859375;-1.5763931274414062;Nantes; 02 40 47 87 14;;
EUROMASTER ST-HERBLAIN - centre véhicules industriels V.I.;ATLANTIS - BOULEVARD SALVADOR ALLENDE44800 St-herblain;44800;47.2161865234375;-1.6104278564453125;St-herblain; 02 40 92 00 25;;
EUROMASTER ST-HERBLAIN - centre auto V.L.;ATLANTIS - BOULEVARD SALVADOR ALLENDE44800 St-herblain;44800;47.2161865234375;-1.6104278564453125;St-herblain; 02 40 92 00 05;;
EUROMASTER CARQUEFOU - centre auto V.L.;36 RUE DE GRANDE-BRETAGNE44477 Carquefou;44477;47.2591552734375;-1.5061111450195312;Carquefou; 02 51 85 29 10;;
EUROMASTER ST-LO - centre auto et véhicules industriels VL/VI;700 AVENUE DE PARIS50000 St-lo;50000;49.115966796875;-1.0636672973632812;St-lo; 02 33 77 83 50;;
EUROMASTER MAYENNE - centre auto et véhicules industriels VL/VI;RUE MARIE ANDRE AMPEREZI DE LA PEYENNEIRE53100 Mayenne;53100;48.302490234375;-0.6163654327392578;Mayenne; 02 43 04 19 47;;
EUROMASTER ST-BERTHEVIN - centre véhicules industriels V.I.;10 BOULEVARD DES LOGES53940 St-berthevin;53940;48.0592041015625;-0.8098392486572266;St-berthevin; 02 43 69 15 08;;
EUROMASTER ST-BERTHEVIN - centre auto V.L.;10 BOULEVARD DES LOGES53940 St-berthevin;53940;48.0592041015625;-0.8098392486572266;St-berthevin; 02 43 91 45 50;;
EUROMASTER LANESTER - centre véhicules industriels V.I.;ZAC DE KERGOUSSEL - 752 ROUTE DE CAUDAN56850 Caudan;56850;47.787109375;-3.3529586791992188;Caudan; 02 97 76 88 70;;
EUROMASTER MALESTROIT - centre auto V.L.;60 BLD SAINTE ANNE56140 Malestroit;56140;47.809326171875;-2.3828353881835938;Malestroit; 02 97 75 23 04;;
EUROMASTER LANESTER - centre auto V.L.;68 AVENUE AMBROISE CROIZAT56600 Lanester;56600;47.7734375;-3.34722900390625;Lanester; 02 97 76 12 03;;
EUROMASTER LES HERBIERS - centre auto et véhicules industriels VL/VI;11 rue Edouard BRANLYZ.A. LA BUZENIERE85500 Les herbiers;85500;46.858642578125;-1.0361480712890625;Les herbiers; 02 51 91 19 08;;
EUROMASTER NARBONNE - centre véhicules industriels V.I.;5 RUE MARIUS BERLIETZONE INDUSTRIELLE CROIX SUD11100 Narbonne;11100;43.170654296875;2.9875869750976562;Narbonne; 04 68 42 59 80;;
EUROMASTER BEZIERS - centre véhicules industriels V.I.;AVENUE DE LA DEVEZEZ.I. DU CAPISCOLE34500 Beziers;34500;43.331298828125;3.2391281127929688;Beziers; 04 67 35 86 00;;
EUROMASTER PERPIGNAN - centre véhicules industriels V.I.;RUE DE MUNICHZ.I. ST-CHARLES66000 Perpignan;66000;42.6849365234375;2.8532257080078125;Perpignan; 04 68 68 38 80;;
EUROMASTER PERPIGNAN DALBIEZ - centre auto V.L.;33 AVENUE VICTOR DALBIEZ66000 Perpignan;66000;42.6925048828125;2.8876495361328125;Perpignan; 04 68 54 57 78;;
EUROMASTER MONTPELLIER - centre auto V.L.;AVENUE DU MAS D'ARGELLIERS34000 Montpellier;34000;43.58544921875;3.888458251953125;Montpellier; 04 67 92 05 93;;
EUROMASTER MONTELIMAR - centre auto V.L.;112 AVENUE JEAN JAURES26200 Montelimar;26200;44.54638671875;4.746856689453125;Montelimar; 04 75 92 02 60;;
EUROMASTER CARCASSONNE - centre auto V.L.;Z.I. DE LA BOURIETTEBD DENIS PAPIN11000 Carcassonne;11000;43.210205078125;2.3263015747070312;Carcassonne; 04 68 11 49 00;;
EUROMASTER NARBONNE - centre auto V.L.;RUE DU REC DE VEYRET11100 Narbonne;11100;43.1588134765625;2.9854660034179688;Narbonne; 04 68 42 54 90;;
EUROMASTER PERPIGNAN - centre auto V.L.;RUE DE BRUXELLESZ.I. ST-CHARLES66000 Perpignan;66000;42.6866455078125;2.8507461547851562;Perpignan; 04 68 54 30 11;;
EUROMASTER MONTELIMAR - centre véhicules industriels V.I.;ZI DU MEYROL26200 Montelimar;26200;44.573486328125;4.743560791015625;Montelimar; 04 75 92 05 51;;
EUROMASTER BAGNOLS SUR CEZE - Centre auto et véhicules industriels VL/VI;ROND POINT DE L'EUROPE30200 Bagnols sur ceze;30200;44.1656494140625;4.6192779541015625;Bagnols sur ceze; 04 66 89 54 19;;
EUROMASTER LE PONTET - centre auto et véhicules industriels VL/VI;RUE DE LA VERDETTELOTISSEMENT D'ACTIVITE LA GAULOISE84130 Le pontet;84130;43.9791259765625;4.858551025390625;Le pontet; 04 90 31 29 60;;
EUROMASTER MANOSQUE - centre auto V.L.;QUARTIER DU PRECHEROUTE DE LA DURANCE04100 Manosque;04100;43.8330078125;5.7814483642578125;Manosque; 04 92 87 72 00;;
EUROMASTER MANOSQUE - centre véhicules industriels V.I.;QUARTIER DU PRECHEROUTE DE LA DURANCE04100 Manosque;04100;43.8330078125;5.7814483642578125;Manosque; 04 92 71 70 50;;
EUROMASTER NICE - centre véhicules industriels V.I.;492 ROUTE DE GRENOBLE06200 Nice;06200;43.71240234375;7.188507080078125;Nice; 04 92 29 52 60;;
EUROMASTER FREJUS - centre auto et véhicules industriels VL/VI;QUARTIER DE LA PALUDLOTISSEMENT INDUSTRIEL83600 Frejus;83600;43.4388427734375;6.7177734375;Frejus; 04 94 52 77 40;;
EUROMASTER CANNES LA BOCCA - centre auto V.L.;240 AVENUE FRANCIS TONNER06150 Cannes;06150;43.5504150390625;6.9582977294921875;Cannes; 04 93 48 72 00;;
EUROMASTER ANTIBES - centre auto V.L.;754 ROUTE DE GRASSE06600 Antibes;06600;43.594970703125;7.0978546142578125;Antibes; 04 92 91 84 50;;
EUROMASTER SIX FOURS - centre auto V.L.;AVENUE DE L' EUROPE - ZA LES PLAYES83140 Six fours;83140;43.1173095703125;5.8449249267578125;Six fours; 04 94 10 96 80;;
EUROMASTER MARSEILLE 10EME - centre auto V.L.;37 RUE DU CAP GALINAT13010 Marseille;13010;43.2861328125;5.398773193359375;Marseille; 04 91 78 10 13;;
EUROMASTER MARTIGUES - centre véhicules industriels V.I.;PUITS DE POUANER.N. 56913500 Martigues;13500;43.411865234375;5.032196044921875;Martigues; 04 42 06 73 01;;
EUROMASTER VITROLLES - centre véhicules industriels V.I.;Z.I. DES ESTROUBLANS13127 Vitrolles;13127;43.4461669921875;5.2510833740234375;Vitrolles; 04 42 77 46 21;;
EUROMASTER AIX LES MILLES - centre véhicules industriels (V.I.);128, AVENUE BESSEMERZ.I. LES MILLES13090 Aix les milles;13090;43.5084228515625;5.3910064697265625;Aix les milles; 04 42 24 46 56;;
EUROMASTER SALON DE PROVENCE - centre auto V.L.;BOULEVARD DU ROI RENE13300 Salon de provence;13300;43.6368408203125;5.0955352783203125;Salon de provence; 04 90 53 15 75;;
EUROMASTER CAVAILLON - centre auto et véhicules industriels VL/VI;867 AVENUE DE LA LIBERATION84300 Cavaillon;84300;43.8499755859375;5.0363311767578125;Cavaillon; 04 90 78 78 10;;
EUROMASTER MARSEILLE 14EME - centre véhicules industriels V.I.;15 BLD GAY LUSSACZ.I. LES ARNAVAUX13014 Marseille;13014;43.3323974609375;5.37457275390625;Marseille; 04 91 98 33 21;;
EUROMASTER ARLES - Centre auto et véhicules industriels VL/VI;CHEMIN DE SEVERINRD 57013200 Arles;13200;43.6785888671875;4.5969696044921875;Arles; 04 90 49 61 80;;
EUROMASTER AVIGNON - centre auto V.L.;CENTRE COMMERCIAL CAP SUDRN784000 Avignon;84000;43.9378662109375;4.8214874267578125;Avignon; 04 90 81 89 20;;
EUROMASTER AUBAGNE - centre auto V.L.;708 R.N.8QUARTIER LES FYOLS13400 Aubagne;13400;43.282470703125;5.6008148193359375;Aubagne; 04 42 18 60 90;;
EUROMASTER MARSEILLE 9EME - centre auto V.L.;61, BOULEVARD SAINTE MARGUERITE13009 Marseille;13009;43.2684326171875;5.40484619140625;Marseille; 04 91 79 79 86;;
EUROMASTER SAINT VICTORET - centre auto V.L.;6, BOULEVARD ROBERT FERRISSE13730 Saint victoret;13730;43.41943359375;5.2398834228515625;Saint victoret; 04 42 89 07 88;;
EUROMASTER MARSEILLE 14EME - centre auto V.L.;15 BLD GAY LUSSACZ.I. LES ARNAVAUX13014 Marseille;13014;43.3323974609375;5.37457275390625;Marseille; 04 91 10 19 60;;
EUROMASTER BEZIERS - centre auto V.L.;AVENUE DE LA DEVEZEZ.I. DU CAPISCOLE34500 Beziers;34500;43.331298828125;3.2391281127929688;Beziers; 04 67 62 85 85;;
EUROMASTER MONTPELLIER - centre véhicules industriels V.I.;4800 RUE DE LA JEUNE PARQUEZAC de GAROSUD34070 Montpellier;34070;43.5828857421875;3.8672561645507812;Montpellier; 04 99 52 81 00;;
EUROMASTER SETE - centre auto et véhicules industriels VL/VI;AVENUE DES EAUX BLANCHESZ.I. DES EAUX BLANCHES34200 Sete;34200;43.4208984375;3.7211380004882812;Sete; 04 67 18 31 30;;
EUROMASTER BRIGNOLES - centre auto V.L.;ROUTE D'AIXQUARTIER CHANTE PERDRIX83170 Brignoles;83170;43.409423828125;6.0487213134765625;Brignoles; 04 94 69 49 64;;
EUROMASTER MARTIGUES - centre auto V.L.;PUITS DE POUANER.N. 56813500 Martigues;13500;43.411865234375;5.032196044921875;Martigues; 04 42 40 70 10;;
EUROMASTER NICE MONTEL - centre auto V.L.;17 BOULEVARD PAUL MONTEL06200 Nice;06200;43.6719970703125;7.2094879150390625;Nice; 04 97 25 76 60;;
EUROMASTER AIX LES MILLES - centre auto V.L.;128, AVENUE BESSEMERZ.I. LES MILLES13090 Aix les milles;13090;43.5084228515625;5.3910064697265625;Aix les milles; 04 42 97 58 10;;
EUROMASTER FLASSANS SUR ISSOLE - centre véhicules industriels V.I.;4, chemin - RN783340 Flassans sur issole;83340;43.369873046875;6.2235565185546875;Flassans sur issole; 04 83 72 82 00;;
EUROMASTER LORMONT - centre véhicules industriels V.I.;4 BIS RUE DU COURANTLOTISSEMENT DE LA GARDETTE33100 Lormont;33100;44.881591796875;-0.5144615173339844;Lormont; 05 57 77 02 30;;
EUROMASTER JONZAC - centre auto et véhicules industriels VL/VI;30 AVENUE DU 19 MARS 196217500 Jonzac;17500;45.4368896484375;-0.44765377044677734;Jonzac; 05 46 48 35 05;;
EUROMASTER LANGON - centre auto et véhicules industriels VL/VI;22 - 24 ROUTE NATIONALE 11333210 Langon;33210;44.5484619140625;-0.2543458938598633;Langon; 05 56 62 33 44;;
EUROMASTER BEGLES - Centre auto et véhicules industriels VL/VI;RUE CHARLES TELLIERZI DE TARTIFUME33130 Begles;33130;44.7904052734375;-0.5374259948730469;Begles; 05 56 49 92 50;;
EUROMASTER BORDEAUX CAUDERAN - centre auto V.L.;91 AVENUE DE LA REPUBLIQUE33200 Bordeaux;33200;44.8397216796875;-0.60443115234375;Bordeaux; 05 56 17 34 20;;
EUROMASTER PESSAC - centre auto V.L.;253 AVENUE PASTEUR33600 Pessac;33600;44.7996826171875;-0.6613655090332031;Pessac; 05 57 26 39 70;;
EUROMASTER MERIGNAC - centre auto V.L.;24 AVENUE DE LA SOMMEROUTE DU CAP FERRET33700 Merignac;33700;44.8331298828125;-0.6507587432861328;Merignac; 05 56 47 43 50;;
EUROMASTER STE EULALIE - centre auto V.L.;63 AVENUE DE L'AQUITAINE33560 Ste eulalie;33560;44.90234375;-0.4908275604248047;Ste eulalie; 05 56 38 03 48;;
EUROMASTER AIRE SUR L ADOUR - Centre auto et véhicules industriels VL/VI;3546 ROUTE DE BORDEAUX40800 Aire sur l'adour;40800;43.7404107;-0.2688590000000204;Aire sur l'adour; 05 58 71 62 14;;
EUROMASTER BAYONNE MARINES - centre auto V.L.;35 Avenue des Allées Marines64100 Bayonne;64100;43.498046875;-1.486907958984375;Bayonne; 05 59 59 18 26;;
EUROMASTER DAX - centre auto et véhicules industriels VL/VI;ZI DE LA CARRERE40990 Saint vincent de paul;40990;43.7459716796875;-0.9988002777099609;Saint vincent de paul; 05 58 58 01 90;;
EUROMASTER MAULEON - centre auto et véhicules industriels VL/VI;3 RUE DU MARECHAL HARISPE64130 Mauleon;64130;43.2261962890625;-0.8783359527587891;Mauleon; 05 59 28 77 60;;
EUROMASTER TARBES - centre auto V.L.;1 BOULEVARD DE LATTRE DE TASSIGNY65000 Tarbes;65000;43.226318359375;0.057138919830322266;Tarbes; 05 62 56 31 60;;
EUROMASTER DAX ASPREMONT - centre auto V.L.;4 rue Aspremont40100 Dax;40100;43.7037353515625;-1.0394096374511719;Dax; 05 58 90 17 97;;
EUROMASTER AGEN BON ENCONTRE - centre véhicules industriels (V.I.);Z.I. JEAN MALEZE47240 Agen;47240;44.1917724609375;0.6530170440673828;Agen; 05 53 48 04 60;;
EUROMASTER CAHORS - centre auto V.L.;ROUTE DE TOULOUSE46000 Cahors;46000;44.416259765625;1.4382553100585938;Cahors; 05 65 53 20 10;;
EUROMASTER CONDOM - centre auto et véhicules industriels VL/VI;7 AVENUE DE L'ARMAGNAC32100 Condom;32100;43.9532470703125;0.36111927032470703;Condom; 05 62 28 01 91;;
EUROMASTER EAUZE - centre auto et véhicules industriels VL/VI;23 ROUTE DE GASCOGNE32800 Eauze;32800;43.855712890625;0.11561107635498047;Eauze; 05 62 08 16 00;;
EUROMASTER FUMEL - centre auto et véhicules industriels VL/VI;ROUTE DE PERIGUEUXZ.I. CLOS DU BARDY47500 Fumel;47500;44.4959716796875;0.9586353302001953;Fumel; 05 53 71 01 50;;
EUROMASTER AGEN BOE - centre auto V.L.;ROUTE DE LAYRAC47550 Agen;47550;44.2005615234375;0.6314048767089844;Agen; 05 53 98 58 50;;
EUROMASTER AUCH - Centre auto et véhicules industriels VL/VI;22, RUE FEDERICO GARCIA LORCAZI DE L'HIPPODROME32000 Auch;32000;43.6724853515625;0.5987758636474609;Auch; 05 62 60 23 85;;
EUROMASTER COLOMIERS - centre auto V.L.;AVENUE EDOUARD SERRES31770 Colomiers;31770;43.6119384765625;1.3521804809570312;Colomiers; 05 61 15 50 50;;
EUROMASTER FOIX - centre auto V.L.;33 AVENUE DU MARECHAL LECLERC09000 Foix;09000;42.9725341796875;1.6078758239746094;Foix; 05 34 09 34 80;;
EUROMASTER ST-GAUDENS - centre auto et véhicules industriels VL/VI;5 PLACE DU MARECHAL JUIN31800 St-gaudens;31800;43.1090087890625;0.7266082763671875;St-gaudens; 05 62 00 89 20;;
EUROMASTER ST-LIZIER - centre auto et véhicules industriels VL/VI;CHANTEREINE09190 St-lizier;09190;43.003662109375;1.1269645690917969;St-lizier; 05 34 14 34 90;;
EUROMASTER TOULOUSE MARQUETTE - centre auto V.L.;71 BOULEVARD DE LA MARQUETTE31000 Toulouse;31000;43.6116943359375;1.42498779296875;Toulouse; 05 62 30 69 30;;
EUROMASTER TOULOUSE MONTAUDRAN - centre auto V.L.;10 AVENUE DIDIER DAURATZ.I. MONTAUDRAN31400 Toulouse;31400;43.56494140625;1.4901466369628906;Toulouse; 05 62 47 51 60;;
EUROMASTER TOULOUSE BRUGUIERES - centre auto et véhicules industriels VL/VI;6 AVENUE DE L'INDUSTRIEPARC INDUSTRIEL EURONORD II - SORTIE AUTOROUTE N131150 Bruguieres;31150;43.718017578125;1.3949394226074219;Bruguieres; 05 34 40 25 60;;
EUROMASTER TOULOUSE THIBAUD - centre véhicules industriels V.I.;19 BOULEVARD THIBAUD31000 Toulouse;31000;43.5521240234375;1.4030876159667969;Toulouse; 05 62 87 46 70;;
EUROMASTER TOULOUSE VAUQUELIN - centre auto V.L.;82 RUE NICOLAS VAUQUELIN31100 Toulouse;31100;43.5765380859375;1.4069290161132812;Toulouse; 05 61 43 20 60;;
EUROMASTER PAMIERS - centre véhicules industriels V.I.;43 AVENUE DE LA RIJOLEZONE INDUSTRIELLE09100 Pamiers;09100;43.1220703125;1.6209945678710938;Pamiers; 05 34 01 37 10;;
EUROMASTER PAMIERS - centre auto V.L.;16 AVENUE DE LA RIJOLEZONE INDUSTRIELLE09100 Pamiers;09100;43.121826171875;1.6211929321289062;Pamiers; 05 34 01 32 90;;
EUROMASTER TOULOUSE FRONTON - centre auto V.L.;336 AVENUE DE FRONTON31200 Toulouse;31200;43.6549072265625;1.4322929382324219;Toulouse; 05 34 40 13 70;;
EUROMASTER DAX - centre auto V.L.;122 AVENUE DE ST-VINCENT DE PAUL40100 Dax;40100;43.7178955078125;-1.0530776977539062;Dax; 05 58 58 40 10;;
EUROMASTER TOULOUSE THIBAUD - centre auto V.L.;19 BOULEVARD THIBAUD31000 Toulouse;31000;43.5521240234375;1.4030876159667969;Toulouse; 05 62 87 49 30;;
EUROMASTER ALBI - Centre auto et véhicules industriels VL/VI;44 RUE AMPEREZI de Jarlard81000 Albi;81000;43.9261474609375;2.1874618530273438;Albi; 05 63 46 01 07;;
EUROMASTER CARCASSONNE - centre véhicules industriels V.I.;Z.I. DE LA BOURIETTE11000 Carcassonne;11000;43.210205078125;2.3263015747070312;Carcassonne; 04 68 11 47 60;;
EUROMASTER CASTELNAUDARY - Centre auto et véhicules industriels VL/VI;98 AV. MONSEIGNEUR DELANGLERTE DE CARCASSONNE11400 Castelnaudary;11400;43.312255859375;1.9673805236816406;Castelnaudary; 04 68 94 55 40;;
EUROMASTER GRAULHET - centre auto et véhicules industriels VL/VI;78 BOULEVARD DE GENEVE81300 Graulhet;81300;43.772216796875;1.9910659790039062;Graulhet; 05 63 42 18 70;;
EUROMASTER MAZAMET - centre auto V.L.;RN 112LA RICHARDE81200 Mazamet;81200;43.49755859375;2.3961563110351562;Mazamet; 05 63 97 57 30;;
EUROMASTER RODEZ (LES 4 SAISONS) - centre véhicules industriels V.I.;ROUTE D'ESPALIONPARC SAINT-MARC12850 Rodez;12850;44.373291015625;2.593963623046875;Rodez; 05 65 78 74 71;;
EUROMASTER VILLEFRANCHE DE ROUERGUE - centre auto et véhicules industriels VL/VI;1058 ROUTE HAUTE DE FARROU12200 Villefranche de rouergue;12200;44.370849609375;2.0383987426757812;Villefranche de rouergue; 05 65 81 10 03;;
EUROMASTER RODEZ (LES 4 SAISONS) - centre auto V.L.;ROUTE D'ESPALIONPARC SAINT-MARC12850 Rodez;12850;44.373291015625;2.59356689453125;Rodez; 05 65 67 16 11;;
EUROMASTER BAYONNE PONTOTS - Centre auto et véhicules industriels VL/VI;ZI DES PONTOTS64100 Bayonne;64100;43.493408203125;-1.47454833984375;Bayonne; 05 59 63 09 33;;
EUROMASTER ST PALAIS - centre auto et véhicules industriels VL/VI;BEAHASQUE LAPISTE - LOT RECART64120 Saint palais;64120;43.3260498046875;-1.0346298217773438;Saint palais; 05 59 38 63 97;;
EUROMASTER LESCAR - centre auto et véhicules industriels VL/VI;RN 117ROND POINT DU BILAA64230 Lescar;64230;43.3331298828125;-0.4344491958618164;Lescar; VL: 05 59 81 22 32 / VI: 05 59 77 66 75;;
EUROMASTER OLORON - centre auto et véhicules industriels VL/VI;AVENUE ALEXANDRE FLEMMING64400 Oloron sainte marie;64400;43.193115234375;-0.6045684814453125;Oloron sainte marie; 05 59 36 11 21;;
EUROMASTER IBOS - centre auto et véhicules industriels VL/VI;RN 117ROUTE DE PAU65420 Ibos;65420;43.232666015625;0.0032799988985061646;Ibos; 05 62 34 48 49;;
EUROMASTER LOURDES - centre auto et véhicules industriels VL/VI;27 AVENUE FRANCIS LAGARDERE65100 lourdes;65100;43.0869140625;-0.046069979667663574;lourdes; 05 62 94 06 70;;
EUROMASTER HAGETMAU - centre auto et véhicules industriels VL/VI;ROUTE D'ORTHEZ MON PLAISIR40700 Hagetmau;40700;43.6588134765625;-0.5912189483642578;Hagetmau; 05 58 79 38 25;;
EUROMASTER CASTETS - centre auto et véhicules industriels VL/VI;400 RUE MOUSQUETAIRESZ.I DES JUSTONS40260 Castets;40260;43.8743896484375;-1.1380386352539062;Castets; 05 58 55 03 28;;
EUROMASTER BAYONNE BOUFFLERS - centre auto V.L.;2 ALLEE BOUFFLERS64100 Bayonne;64100;43.4918212890625;-1.4700775146484375;Bayonne; 05 59 59 11 73;;
EUROMASTER BAYONNE ST CROIX - Centre auto et véhicules industriels VL/VI;ROUTE DE CASTERA64100 Bayonne;64100;43.489990234375;-1.459869384765625;Bayonne; 05 59 50 89 00;;
EUROMASTER SERRES CASTET - centre auto et véhicules industriels VL/VI;RUE DE LA VALLEE D'OSSAU64121 Serres castet;64121;43.3642578125;-0.38098907470703125;Serres castet; VL: 05 59 33 90 40 / VI: 05 59 12 40 30;;
EUROMASTER TARBES - centre véhicules industriels V.I.;5 ROUTE D'AZEREIX65000 Tarbes;65000;43.2310791015625;0.06112992763519287;Tarbes; 05 62 56 32 50;;
EUROMASTER ANGERS - centre auto V.L.;4 AVENUE BESNARDIERE49100 Angers;49100;47.4793701171875;-0.5445671081542969;Angers; 02 41 31 13 50;;
EUROMASTER CHOLET JOMINIERE - centre auto et véhicules industriels VL/VI;17 RUE DE LA JOMINIERE49300 Cholet;49300;47.06982421875;-0.8703708648681641;Cholet; 02 41 63 91 00;;
EUROMASTER CLISSON - centre auto et véhicules industriels VL/VI;GETIGNEZA44190 Clisson;44190;47.077880859375;-1.2542076110839844;Clisson; 02 40 36 12 82;;
EUROMASTER LA ROCHELLE - centre auto V.L.;153 BOULEVARD ANDRE SAUTEL17000 La rochelle;17000;46.1700439453125;-1.1265792846679688;La rochelle; 05 46 34 85 71;;
EUROMASTER LES PONTS DE CE - centre auto et véhicules industriels VL/VI;ZAC DU MOULIN DE MARCILLE49130 Les ponts de ce;49130;47.437744140625;-0.5073204040527344;Les ponts de ce; 02 41 18 12 93;;
EUROMASTER POITIERS 8 MAI - centre auto et véhicules industriels VL/VI;174 AVENUE DU 8 MAI 194586000 Poitiers;86000;46.555419921875;0.30797863006591797;Poitiers; 05 49 57 25 82;;
EUROMASTER SAINTES - centre auto et véhicules industriels VL/VI;RUE DU CLOS FLEURI / RUE DU CHEMIN FERREZ.I. DE L'ORMEAU DE PIED17100 Saintes;17100;45.744873046875;-0.6631717681884766;Saintes; 05 46 74 83 00;;
EUROMASTER CHATEAUDUN - centre auto et véhicules industriels VL/VI;ROUTE NATIONALE 1028200 Chateaudun;28200;48.075927734375;1.3380928039550781;Chateaudun; 02 37 94 09 40;;
EUROMASTER LA FERTE BERNARD - centre auto et véhicules industriels VL/VI;Z.A. LA PETITE CIBOLELA CHAPELLE DES BOIS72400 La ferte bernard;72400;48.2215576171875;0.5927639007568359;La ferte bernard; 02 43 60 16 30;;
EUROMASTER SABLE S/ SARTHE - centre auto et véhicules industriels VL/VI;ROUTE DE LA FLECHEZONE D'ACTIVITE ST LAURENT72300 Sable s/ sarthe;72300;47.8319091796875;-0.3153057098388672;Sable s/ sarthe; 02 43 62 16 90;;
EUROMASTER VENDOME RN 10 - centre auto et véhicules industriels VL/VI;25 ROUTE DE PARISRN 1041100 Vendome;41100;47.8037109375;1.0707588195800781;Vendome; 02 54 73 36 10;;
EUROMASTER LE MANS - centre auto et véhicules industriels VL/VI;RUE DES FRERES VOISINZ.I. NORD72000 Le mans;72000;48.0330810546875;0.17595577239990234;Le mans; 02 43 52 12 80;;
EUROMASTER VENDOME - centre auto V.L.;PARKING CARREFOUR41100 Vendome;41100;47.800537109375;1.0604095458984375;Vendome; 02 54 77 21 13;;
EUROMASTER BLOIS - centre auto V.L.;132, AVENUE DE CHATEAUDUN41000 Blois;41000;47.6077880859375;1.3278083801269531;Blois; 02 54 78 18 74;;
EUROMASTER BOURGES - centre véhicules industriels V.I.;RUE NICEPHORE NIEPCEZAC DE VARENNE18300 Bourges;18300;47.04541015625;2.3441314697265625;Bourges; 02 48 48 19 50;;
EUROMASTER CHATEAUROUX - centre auto et véhicules industriels VL/VI;86 BOULEVARD DE CLUIS36000 Chateauroux;36000;46.8062744140625;1.700531005859375;Chateauroux; 02 54 34 12 22;;
EUROMASTER ETAMPES - centre auto et véhicules industriels VL/VI;RUE DES ROCHETTESZI LES ROCHETTES - MORIGNY91150 Etampes;91150;48.447265625;2.1859130859375;Etampes; 01 69 16 16 06;;
EUROMASTER LE BLANC - centre auto et véhicules industriels VL/VI;72 BIS RUE DE LA REPUBLIQUE36300 Le blanc;36300;46.6318359375;1.0672187805175781;Le blanc; 02 54 37 00 39;;
EUROMASTER GIEN - centre auto et véhicules industriels VL/VI;RUE JULES CESAR45100 Gien;45100;47.6943359375;2.6300125122070312;Gien; 02 38 67 42 08;;
EUROMASTER OLIVET LA SOURCE - centre auto V.L.;Z.A. - RUE D'ALSACE45160 Olivet la source;45160;47.841064453125;1.9200592041015625;Olivet la source; 02 38 63 41 64;;
EUROMASTER BLOIS - centre véhicules industriels V.I.;AVENUE DE CHATEAUDUN41000 Blois;41000;47.6077880859375;1.3278083801269531;Blois; 02 54 78 06 83;;
EUROMASTER ST GERMAIN DU PUY - centre auto V.L.;ROUTE DE LA CHARITEZI18390 St-germain du puy;18390;47.0960693359375;2.4410934448242188;St-germain du puy; 02 48 27 51 60;;
EUROMASTER CHAMBRAY LES TOURS - centre véhicules industriels V.I.;14 RUE JEAN PERRIN37170 Chambray les tours;37170;47.3453369140625;0.7282428741455078;Chambray les tours; 02 47 71 40 20;;
EUROMASTER TOURS - centre auto V.L.;16 RUE C. HUYGENSZ.I. DE LA MILLETIERE37100 Tours;37100;47.4371337890625;0.6988353729248047;Tours; 02 47 51 03 03;;
EUROMASTER CHAMBRAY LES TOURS - centre auto V.L.;14 RUE JEAN PERRINZI N37170 Chambray les tours;37170;47.3453369140625;0.7282428741455078;Chambray les tours; 02 47 74 10 60;;
EUROMASTER ABBEVILLE - Centre auto et véhicules industriels VL/VI;ZAC DES DEUX VALLEES80100 Abbeville;80100;50.1077880859375;1.841217041015625;Abbeville; 03 22 20 14 70;;
EUROMASTER LE HAVRE - centre auto V.L.;203 boulevard de Graville76600 Le havre;76600;49.4921875;0.1484389305114746;Le havre; 02 35 26 50 68;;
EUROMASTER MONDEVILLE - centre véhicules industriels V.I.;ZA Charles de Coulombs14121 Mondeville;14121;49.166259765625;-0.3134765625;Mondeville; 02 31 83 10 10;;
EUROMASTER PONT AUDEMER - centre auto et véhicules industriels VL/VI;26 rue Jean Monnet27501 Pont audemer;27501;49.3480224609375;0.5404644012451172;Pont audemer; 02 32 20 15 15;;
EUROMASTER VILLEJUIF - centre auto V.L.;21 RUE DE VERDUN94800 Villejuif;94800;48.793701171875;2.3541183471679688;Villejuif; 01 46 77 06 06;;
EUROMASTER PONT L'EVEQUE - centre auto et véhicules industriels VL/VI;ZI rur Pierre Gamare14131 Pont l'eveque;14131;49.2919921875;0.19443798065185547;Pont l'eveque; 02 31 65 00 67;;
EUROMASTER ROUEN ROUTE DE CAEN - centre auto V.L.;55 avenue de Caen BP 122376177 Rouen;76177;49.42919921875;1.0742607116699219;Rouen; 02 35 62 00 24;;
EUROMASTER VIRE - centre auto et véhicules industriels VL/VI;Rue Guy Degrenne14501 Vire;14501;48.85279629999999;-0.8612094999999726;Vire; 02 31 68 56 57;;
EUROMASTER MONDEVILLE - centre auto V.L. Près de Caen;ZA 12, rue Charles de Coulomb14121 Mondeville;14121;49.1754150390625;-0.3230094909667969;Mondeville; 02 31 83 92 90;;
EUROMASTER VILLENEUVE LA GARENNE - centre véhicules industriels V.I.;8 RUE DE LA REDOUTE92390 Villeneuve la garenne;92390;48.943603515625;2.3185043334960938;Villeneuve la garenne; 01 41 21 86 60;;
EUROMASTER GONFREVILLE L ORCHER - centre véhicules industriels V.I.;CENTRE ROUTIERZ.I. PORTUAIRE76700 Gonfreville l'orcher;76700;49.4822998046875;0.23888397216796875;Gonfreville l'orcher; 02 35 53 36 74;;
EUROMASTER VILLENEUVE LA GARENNE - centre auto V.L.;8 RUE DE LA REDOUTEZI92390 Villeneuve la garenne;92390;48.943603515625;2.3185043334960938;Villeneuve la garenne; 01 47 98 07 34;;
EUROMASTER COMPIEGNE - centre auto et véhicules industriels VL/VI;10 RUE JACQUES DE VAUCANSONZAC DES MERCIERES60200 Compiegne;60200;49.391845703125;2.7864913940429688;Compiegne; 03 44 30 27 70;;
EUROMASTER AMIENS - centre véhicules industriels V.I.;AVENUE ROGER DUMOULINZI NORD80000 Amiens;80000;49.894287109375;2.2880096435546875;Amiens; 03 22 67 55 80;;
EUROMASTER AMIENS - centre auto V.L.;120 CHAUSSEE JULES FERRY80000 Amiens;80000;49.8826904296875;2.3265762329101562;Amiens; 03 22 50 43 43;;
EUROMASTER BOULOGNE SUR MER - Centre auto et véhicules industriels VL/VI;RUE PIERRE MARTIN62280 Saint martin boulogne;62280;50.7296142578125;1.6686668395996094;Saint martin boulogne; 03 91 90 00 30;;
EUROMASTER VALENCIENNES - centre auto et véhicules industriels VL/VI;RUE MARC LEFRANCQZONE INDUSTRIELLE 259220 Rouvignies;59220;50.3590087890625;3.513702392578125;Rouvignies; 03 27 21 02 54;;
EUROMASTER SAINT MARTIN AU LAERT - centre auto et véhicules industriels VL/VI;RUE DES CORMETTESZI FOND SQUIN62500 Saint martin au laert;62500;50.754638671875;2.2276535034179688;Saint martin au laert; 03 21 38 99 00;;
EUROMASTER ST-QUENTIN - centre véhicules industriels V.I.;51 TER AVENUE DU GENERAL DE GAULLE02100 St-quentin;02100;49.8458251953125;3.3008270263671875;St-quentin; 03 23 67 91 98;;
EUROMASTER ST-QUENTIN - centre auto V.L.;51 TER AVENUE DU GENERAL DE GAULLEZI02100 St-quentin;02100;49.8458251953125;3.3008270263671875;St-quentin; 03 23 06 67 67;;
EUROMASTER SOISSONS - centre auto et véhicules industriels VL/VI;60 AVENUE DE COMPIEGNE02200 Soissons;02200;49.38134765625;3.3108901977539062;Soissons; 03 23 59 95 99;;
EUROMASTER LAON MINIMES - centre véhicules industriels V.I.;10 RUE DES MINIMES02000 Laon;02000;49.576171875;3.654327392578125;Laon; 03 23 23 01 17;;
EUROMASTER RETHEL - centre auto et véhicules industriels VL/VI;22 RUE DE BASTOGNEZ.I. DE PARGNY08300 Rethel;08300;49.5035400390625;4.3858489990234375;Rethel; 03 24 72 64 80;;
EUROMASTER VITRY LE FRANCOIS - centre auto et véhicules industriels VL/VI;RUE DE LA VIOLETTE - ZI DE MAROLLESZI DES ESTROUBLANS51300 Vitry le francois;51300;48.7249755859375;4.592620849609375;Vitry le francois; 03 26 72 27 33;;
EUROMASTER VERVINS - centre auto et véhicules industriels VL/VI;7 PONT DE PIERRE02140 Fontaine les vervins;02140;49.85205078125;3.8986587524414062;Fontaine les vervins; 03 23 98 30 79;;
EUROMASTER REIMS LA NEUVILLETTE - centre auto V.L.;47/49 AVENUE NATIONALELA NEUVILLETTE51100 Reims;51100;49.2869873046875;4.0074615478515625;Reims; 03 26 77 44 10;;
EUROMASTER CHARLEVILLE MEZIERES - centre auto et véhicules industriels VL/VI;RUE PAULIN RICHIERZAC DE LA CROISETTE08000 Charleville mezieres;08000;49.7384033203125;4.7004241943359375;Charleville mezieres; 03 24 57 02 44;;
EUROMASTER CHALONS EN CHAMPAGNE - centre véhicules industriels V.I.;1 BIS AVENUE DU 106 R.I.51000 Chalons en champagne;51000;48.96923828125;4.352569580078125;Chalons en champagne; 03 26 26 96 70;;
EUROMASTER CHALONS EN CHAMPAGNE - centre auto V.L.;1 BIS AVENUE DU 106 EME R.I.51000 Chalons en champagne;51000;48.9686279296875;4.3516998291015625;Chalons en champagne; 03 26 26 19 97;;
EUROMASTER REIMS POMPELLE - centre auto et véhicules industriels VL/VI;2A Boulevard du Val de Vesle51100 Reims;51100;49.2293701171875;4.06427001953125;Reims; 03-51-30-81-30;;
EUROMASTER MONS EN BAROEUL - centre auto V.L.;322 RUE DU GENERAL DE GAULLE59370 Mons en baroeul;59370;50.6474609375;3.1128311157226562;Mons en baroeul; 03 20 04 88 08;;
EUROMASTER ROUBAIX - centre auto V.L.;281 RUE PIERRE DE ROUBAIX59059 Roubaix;59059;50.6839599609375;3.193328857421875;Roubaix; 03 20 20 06 50;;
EUROMASTER LESQUIN - centre véhicules industriels V.I.;RUE DE LA CROIX BOUGARD CRT59810 Lesquin;59810;50.57666015625;3.1149215698242188;Lesquin; 03 20 87 90 60;;
EUROMASTER DUNKERQUE - centre auto et véhicules industriels VL/VI;RUE DE L'ALBECK59640 Dunkerque;59640;51.0089111328125;2.3440017700195312;Dunkerque; 03 28 25 96 40;;
EUROMASTER LILLE - centre auto V.L.;20 RUE D'ISLY59000 Lille;59000;50.62548828125;3.039398193359375;Lille; 03 20 00 17 20;;
EUROMASTER LA MADELEINE - centre auto V.L.;261 BIS AVENUE DE LA REPUBLIQUE59110 La madeleine;59110;50.6514892578125;3.08099365234375;La madeleine; 03 28 38 91 30;;
EUROMASTER TOURCOING - centre véhicules industriels V.I.;15 CHAUSSEE MARCELIN BERTHELOT59200 Tourcoing;59200;50.718505859375;3.1573410034179688;Tourcoing; 03 20 27 90 10;;
EUROMASTER TOURCOING - centre auto V.L.;15 CHAUSSEE MARCELIN BERTHELOT59200 Tourcoing;59200;50.718505859375;3.1573410034179688;Tourcoing; 03 20 27 90 80;;
EUROMASTER LESQUIN - centre auto V.L.;RUE DE LA CROIX BOUGARD CRT59810 Lesquin;59810;50.57666015625;3.1149215698242188;Lesquin; 03 20 16 98 80;;
EUROMASTER ARRAS - Centre auto et véhicules industriels VL/VI;245 AVENUE KENNEDY62000 Arras;62000;50.2874755859375;2.7505111694335938;Arras; 03 21 21 71 40;;
EUROMASTER ST MARTIN DE CRAU - centre véhicules industriels V.I.;ZI DU BOIS DE LEUZE AVENUE MARIE CURIE13310 St martin de crau;13310;43.67236328125;4.87518310546875;St martin de crau; 04 86 52 50 00;;
EUROMASTER NIMES - centre auto et véhicules industriels VL/VI;1, COURS DE DION BOUTONCENTRE ROUTIER KILOMETRE DELTA30900 Nimes;30900;43.8131103515625;4.3361968994140625;Nimes; 04 66 01 72 96;;
GODELU PNEUS SAUMUR ENTREPRISE INDEPENDANTE FRANCHISEE DU RESEAU EUROMASTER - centre auto et véhicules industriels VL/VI;ROUTE DE CHOLET49400 Saumur;49400;47.230635486431595;-0.12656617164611816;Saumur; 02 41 40 25 40;;
PAIN PNEU BOLBEC ENTREPRISE INDEPENDANTE FRANCHISEE DU RESEAU EUROMASTER - centre auto et véhicules industriels VL/VI;83 RUE G. CLEMENCEAU76210 Bolbec;76210;49.564208984375;0.46721649169921875;Bolbec; 02 35 31 06 87;;
PAIN PNEU YVETOT ENTREPRISE INDEPENDANTE FRANCHISEE DU RESEAU EUROMASTER - centre auto et véhicules industriels VL/VI;18 RUE JEAN MOULIN76190 Yvetot;76190;49.610595703125;0.7764720916748047;Yvetot; 02 35 95 42 13;;
PAIN PNEU LILLEBONNE ENTREPRISE INDEPENDANTE FRANCHISEE DU RESEAU EUROMASTER - centre auto et véhicules industriels VL/VI;30 RUE DE LA REPUBLIQUE76170 Lillebonne;76170;49.5166015625;0.535858154296875;Lillebonne; 02 35 38 28 90;;
LEVEILLARD PNEUS DIEPPE ENTREPRISE INDEPENDANTE FRANCHISEE DU RESEAU EUROMASTER - centre auto V.L.;7 Quai Trudaine76200 Dieppe;76200;49.9261474609375;1.0819358825683594;Dieppe; 02 35 84 17 00;;
LEVEILLARD PNEUS NEUVILLE LES DIEPPE ENTREPRISE INDEPENDANTE FRANCHISEE DU RESEAU EUROMASTER - centre auto et véhicules industriels VL/VI;Rue Louis BliérotZone Eurochannel76370 Neuville les dieppe;76370;49.9241943359375;1.1205024719238281;Neuville les dieppe; 02 32 14 68 08;;
LEVEILLARD PNEUS MONOD Entreprise indépendante appartenant au réseau EUROMASTER en qualité de Franchisé - centre auto et véhicules industriels VL/VI;rue Louis BleriotZone Eurochannel76370 Martin Eglise;76370;49.924560546875;1.1211128234863281;Martin Eglise; 02 32 90 58 50;;
JAHIER PNEUS VANNES VILLE ENTREPRISE INDEPENDANTE FRANCHISEE DU RESEAU EUROMASTER - centre auto V.L.;2 Rue du 65RIRoute Pontivy56000 Vannes;56000;47.6676025390625;-2.7543716430664062;Vannes; 02 97 47 18 50;;
JAHIER PNEUS VANNES PRAT ENTREPRISE INDEPENDANTE FRANCHISEE DU RESEAU EUROMASTER - centre auto et véhicules industriels VL/VI;ZI Prat Rue Nichore Nice56000 Vannes;56000;47.6600341796875;-2.7200927734375;Vannes; 02 97 47 64 65;;
MARCELLI PNEUS CASAMOZZA ENTREPRISE INDEPENDANTE FRANCHISEE DU RESEAU EUROMASTER - centre auto et véhicules industriels VL/VI;RN 193BP 81 Casamozza Lucciana20290 Casamozza;20290;42.520263671875;9.440032958984375;Casamozza; 04 95 36 00 28;;
MARCELLI PNEUS BORGO ENTREPRISE INDEPENDANTE FRANCHISEE DU RESEAU EUROMASTER - centre auto V.L.;RN 193Revinco20290 Borgo;20290;42.5538330078125;9.426666259765625;Borgo; 04 95 38 36 19;;
ALES PNEUS ENTREPRISE INDEPENDANTE FRANCHISEE DU RESEAU EUROMASTER - Centre auto et véhicules industriels VL/VI;Chemin de la Tourtugue30100 Ales;30100;44.1195068359375;4.107208251953125;Ales; 04 66 56 77 77;;
PNEURAMA Oullins ENTREPRISE INDEPENDANTE FRANCHISEE DU RESEAU EUROMASTER - centre auto V.L.;3 Boulevard de L'Yzeron69600 Oullins;69600;45.7198486328125;4.8055267333984375;Oullins; 04 78 50 66 92;;
PNEURAMA Villeurbanne ENTREPRISE INDEPENDANTE FRANCHISEE DU RESEAU EUROMASTER - centre auto V.L.;23-27 Rue JEAN JAURES69100 Villeurbanne;69100;45.7568359375;4.8801727294921875;Villeurbanne; 04 72 12 13 71;;
PNEUS DIFFUSION ENTREPRISE INDEPENDANTE FRANCHISEE DU RESEAU EUROMASTER - centre auto et véhicules industriels VL/VI;ZA Jean Pierre Thimbaud52100 Saint-dizier;52100;48.62626193035118;4.99037625958249;Saint-dizier; 03 25 96 91 11;;
LAFITTE ENTREPRISE INDEPENDANTE FRANCHISEE DU RESEAU EUROMASTER - centre auto V.L.;2782 Route de Montpellier30900 Nimes;30900;43.8104248046875;4.3294830322265625;Nimes; 04 66 70 00 00;;
LAFITTE ENTREPRISE INDEPENDANTE FRANCHISEE DU RESEAU EUROMASTER - centre auto V.L.;32 Route de Rouquairol30900 Nimes;30900;43.8145751953125;4.3348236083984375;Nimes; 04 66 26 00 00;;
EUROMASTER AJACCIO - MECASERVICE ENTREPRISE INDEPENDANTE FRANCHISEE DU RESEAU EUROMASTER - centre auto V.L.;42 AVENUE NOEL FRANCHINI20090 Ajaccio;20090;41.9442138671875;8.758056640625;Ajaccio; 04 95 23 02 82;;
Vulca Pneus Essey ENTREPRISE INDEPENDANTE FRANCHISEE DU RESEAU EUROMASTER - centre auto et véhicules industriels VL/VI;10 Rue des Maillys54270 Essey les nancy;54270;48.7064208984375;6.24688720703125;Essey les nancy; 03 83 29 25 53;;
Vulca Pneus Dombasle ENTREPRISE INDEPENDANTE FRANCHISEE DU RESEAU EUROMASTER - centre auto et véhicules industriels VL/VI;24 rue Tivoli54110 Dombasle sur meurthe;54110;48.6201171875;6.3516693115234375;Dombasle sur meurthe; 03 83 45 10 10;;
PARTHENAY PNEUS ENTREPRISE INDEPENDANTE FRANCHISEE DU RESEAU EUROMASTER - centre auto et véhicules industriels VL/VI;Le Mas des Landes87170 Isle;87170;45.8046875;1.2261085510253906;Isle; 05 55 70 17 58;;
PARTHENAY PNEUS ENTREPRISE INDEPENDANTE FRANCHISEE DU RESEAU EUROMASTER - centre auto V.L.;41 AVENUE DU MARECHAL DE LATTRE DE TASSIGNY87000 Limoges;87000;45.8250732421875;1.2732582092285156;Limoges; 05 55 06 04 04;;
EUROMASTER APC DAVEZIEUX ENTREPRISE INDEPENDANTE FRANCHISEE DU RESEAU EUROMASTER - Centre auto et véhicules industriels VL/VI Près de Annonay;Route de Lyon , chemin du Mas07430 Davezieux;07430;45.25537109375;4.7063751220703125;Davezieux; 04 75 33 33 28;;
ECO PNEUS Entreprise indépendante appartenant au réseau EUROMASTER en qualité de Franchisé - centre auto V.L. Près de Saint-Brieuc;RUE ROSENGART ZA22190 Plerin;22190;48.534912109375;-2.7674560546875;Plerin; 02 96 74 76 74;;
GIRARDOT PNEUS CHAMPAGNOLE ENTREPRISE INDEPENDANTE FRANCHISEE DU RESEAU EUROMASTER - centre auto et véhicules industriels VL/VI;12 RUE DE L EGALITE39300 Champagnole;39300;46.74755859375;5.914337158203125;Champagnole; 03 84 52 21 52;;
Girardot Pneus Lons ENTREPRISE INDEPENDANTE FRANCHISEE DU RESEAU EUROMASTER - centre auto et véhicules industriels VL/VI;27 RUE VICTOR PUISEUX39000 Lons le saunier;39000;46.6826171875;5.58013916015625;Lons le saunier; 03 84 86 00 20;;
EUROMASTER TPS AURILLAC ENTREPRISE INDEPENDANTE FRANCHISEE DU RESEAU EUROMASTER - centre auto V.L.;161 AV GENERAL LECLERC15000 Aurillac;15000;44.90869140625;2.4469451904296875;Aurillac; 04 71 63 61 42;;
EUROMASTER TPS AURILLAC ENTREPRISE INDEPENDANTE FRANCHISEE DU RESEAU EUROMASTER - centre auto et véhicules industriels VL/VI;ZI DE BARADEL, 4 RUE GABRIEL LACOSTE15000 Aurillac;15000;44.9276123046875;2.4437484741210938;Aurillac; 04 71 48 14 11;;
EUROMASTER TPS MAURS ENTREPRISE INDEPENDANTE FRANCHISEE DU RESEAU EUROMASTER - centre auto et véhicules industriels VL/VI;ZA ROUTE DE BAGNAC15600 Maurs;15600;44.7105712890625;2.198089599609375;Maurs; 04 71 49 75 40;;
EUROMASTER A75 Pneus ENTREPRISE INDEPENDANTE FRANCHISEE DU RESEAU EUROMASTER - Centre auto et véhicules industriels VL/VI;ZI Montplain - Avenue du Lioran15100 Saint flour;15100;45.032470703125;3.1000823974609375;Saint flour; 04 71 60 70 75;;
AMS PNEUS ENTREPRISE INDEPENDANTE FRANCHISEE DU RESEAU EUROMASTER - centre auto V.L.;69 Route de Nancy57200 Sarreguemines;57200;49.099609375;7.0582275390625;Sarreguemines; 03 87 95 94 50;;
LALOYER PNEUS ENTREPRISE INDEPENDANTE FRANCHISEE DU RESEAU EUROMASTER - centre auto V.L.;62 rue Abélard59000 Lille;59000;50.6370849609375;3.063018798828125;Lille; 03 20 29 85 10;;
EMERAUDE PNEUS DINARD ENTREPRISE INDEPENDANTE FRANCHISEE DU RESEAU EUROMASTER - Centre auto et véhicules industriels VL/VI Près de Dinard;21 rue de la ville biais35780 LA RICHARDAIS;35780;48.6143798828125;-2.0546112060546875;LA RICHARDAIS; 02 99 46 11 26;;
EMERAUDE PNEUMATIQUES PLANCOET ENTREPRISE INDEPENDANTE FRANCHISEE DU RESEAU EUROMASTER - Centre auto et véhicules industriels VL/VI;route de Dinard22130 Saint lormel;22130;48.5257568359375;-2.2283935546875;Saint lormel; 02 96 84 11 82;;
PAYS D'ORNE PNEUS ENTREPRISE INDEPENDANTE FRANCHISEE DU RESEAU EUROMASTER - centre auto V.L.;Parc d'activités Belle Fontaine57780 Rosselange;57780;49.258198782015256;6.077545166015625;Rosselange; 03 87 73 37 12;;
ALBANAIS AUTO ENTREPRISE INDEPENDANTE FRANCHISEE DU RESEAU EUROMASTER - centre auto V.L.;58 rue René Cassin74150 Rumilly;74150;45.8558349609375;5.950531005859375;Rumilly; 04 50 64 62 40;;
EUROMASTER STE EULALIE - centre auto V.L.;63 AVENUE DE L'AQUITAINE33560Ste eulalie;63;44.90234375;-0.4908275604248047;AVENUE DE L'AQUITAINE; 05 56 38 03 48;;
EUROMASTER AIRE SUR L ADOUR - Centre auto et véhicules industriels VL/VI;3546 ROUTE DE BORDEAUX40800Aire sur l'adour;3546;43.7404107;-0.2688590000000204;ROUTE DE BORDEAUX; 05 58 71 62 14;;
EUROMASTER BAYONNE MARINES - centre auto V.L.;35 Avenue des Allées Marines64100Bayonne;35;43.498046875;-1.486907958984375;Avenue des Allées Marines; 05 59 59 18 26;;
EUROMASTER DAX - centre auto et véhicules industriels VL/VI;ZI DE LA CARRERE40990Saint vincent de paul;ZI;43.7459716796875;-0.9988002777099609;DE LA CARRERE; 05 58 58 01 90;;
EUROMASTER MAULEON - centre auto et véhicules industriels VL/VI;3 RUE DU MARECHAL HARISPE64130Mauleon;3;43.2261962890625;-0.8783359527587891;RUE DU MARECHAL HARISPE; 05 59 28 77 60;;
EUROMASTER TARBES - centre auto V.L.;1 BOULEVARD DE LATTRE DE TASSIGNY65000Tarbes;1;43.226318359375;0.057138919830322266;BOULEVARD DE LATTRE DE TASSIGNY; 05 62 56 31 60;;
EUROMASTER DAX ASPREMONT - centre auto V.L.;4 rue Aspremont40100Dax;4;43.7037353515625;-1.0394096374511719;rue Aspremont; 05 58 90 17 97;;
EUROMASTER AGEN BON ENCONTRE - centre véhicules industriels (V.I.);Z.I. JEAN MALEZE47240Agen;Z.I.;44.1917724609375;0.6530170440673828;JEAN MALEZE; 05 53 48 04 60;;
EUROMASTER CAHORS - centre auto V.L.;ROUTE DE TOULOUSE46000Cahors;ROUTE;44.416259765625;1.4382553100585938;DE TOULOUSE; 05 65 53 20 10;;
EUROMASTER CONDOM - centre auto et véhicules industriels VL/VI;7 AVENUE DE L'ARMAGNAC32100Condom;7;43.9532470703125;0.36111927032470703;AVENUE DE L'ARMAGNAC; 05 62 28 01 91;;
EUROMASTER EAUZE - centre auto et véhicules industriels VL/VI;23 ROUTE DE GASCOGNE32800Eauze;23;43.855712890625;0.11561107635498047;ROUTE DE GASCOGNE; 05 62 08 16 00;;
EUROMASTER STE EULALIE - centre auto V.L.;63 AVENUE DE L'AQUITAINE33560Ste eulalie;63;44.90234375;-0.4908275604248047;AVENUE DE L'AQUITAINE;;;
EUROMASTER AIRE SUR L ADOUR - Centre auto et véhicules industriels VL/VI;3546 ROUTE DE BORDEAUX40800Aire sur l'adour;3546;43.7404107;-0.2688590000000204;ROUTE DE BORDEAUX;;;
EUROMASTER BAYONNE MARINES - centre auto V.L.;35 Avenue des Allées Marines64100Bayonne;35;43.498046875;-1.486907958984375;Avenue des Allées Marines;;;
