nullUCAR TREVOUX;215 route de LYON; 01600; TREVOUX;04 74 00 70 31;trevoux@votreagenceucar.fr
OPEL RENT GEX;Route Nationale; 01630; SAINT JEAN DE GONVILLE;04 50 56 39 87;chevillard.gex.atelier@opel.gmfrance.fr
UCAR ST QUENTIN PL 8 OCTOBRE;36 Bis Boulevard Gambetta; 02100; SAINT-QUENTIN;03 23 63 87 18;STQUENTIN@votreagenceucar.fr
OPEL RENT LAON;9 Rue Turgot ZAC Champ du Roy; 02000; LAON;03 23 27 11 90;relaischampagne.laon.compta@opel.gmfrance.fr
UCAR MONTLUCON CENTRE;12 Boulevard Carnot; 03106; MONTLUCON;04 70 03 93 13;montlucon@ucar.fr
UCAR MOULINS GARE;68 Rue de Lyon; 03000; MOULINS;04 70 20 28 00;moulins@ucar.fr
UCAR NICE ARENAS;92 rue AUGUSTE PEGURIER; 06200; NICE;04 92 07 01 01;nice-arenas@votreagenceucar.fr
UCAR NICE COTE D'AZUR AEROPORT;Service relais AEROPORT-AGENCE; 06200; NICE;04 92 07 01 01;nice-arenas@votreagenceucar.fr
UCAR RELAIS GARE NICE VILLE;Service relais GARE-AGENCE; 06200; NICE;04 92 07 01 01;nice-arenas@votreagenceucar.fr
OPEL RENT CANNES;Bretelle de l'autoroute; 06110; LE CANNET;04 93 69 63 40;gema-sylvie@wanadoo.fr
UCAR TROYES-LA CHAPELLE ST LUC;6 Rue archimède; 10600; TROYES - LA CHAPELLE ST LUC;03 25 74 90 40;troyes@ucar.fr
UCAR NARBONNE GARE;36 Boulevard Frederic Mistral; 11100; NARBONNE;04 68 75 88 39;ucar.narbonne@orange.fr
UCAR ALLAUCH;660 bis Ave du Canton Vert; 13190; ALLAUCH;04 91 64 61 62;ucar.allauch@orange.fr
UCAR AUBAGNE LES PALUDS;6 Avenue des Caniers ; 13400; AUBAGNE;04 42 62 13 13;ucar.marseille@gmail.com
UCAR MARIGNANE SAINT-VICTORET;Rue René Cailloux; 13700; MARIGNANE;04 42 46 00 00;marignane@votreagenceucar.fr
UCAR MARSEILLE PLOMBIERES;166 Boulevard de Plombières; 13014; MARSEILLE;04 96 16 96 16;ucar.marseille@gmail.com
UCAR PRADO RABATAU;85 Boulevard Rabatau; 13008; MARSEILLE;04 91 41 42 43;ucar.marseille@gmail.com
UCAR MARSEILLE RELAIS AEROPORT;Service de relais AEROPORT-AGENCE; 13700; MARSEILLE;04 42 46 00 00;marignane@ucar-franchise.fr
UCAR RELAIS AEROPORT MARIGNANE;Service de relais AEROPORT-AGENCE; 13700; MARIGNANE;04 42 46 00 00;marignane@votreagenceucar.fr
UCAR AIX EN PROV. AEROPORT;Service relais AEROPORT-AGENCE; 13290; AIX LES MILLES;04 42 24 13 13;aix@votreagenceucar.fr
UCAR AIX EN PROV. GARE-TGV;Service relais GARE-TGV; 13290; AIX LES MILLES;04 42 24 13 13;aix@votreagenceucar.fr
UCAR AIX EN PROVENCE;115 Rue Claude Nicolas Ledoux; 13290; AIX LES MILLES;04 42 24 13 13;aix@votreagenceucar.fr
UCAR RELAIS LA CIOTAT;Service Relais Station de taxi la Ciotat; 13600; LA CIOTAT;04 42 62 13 13;ucar.aubagne@gmail.com
UCAR RELAIS CASSIS;Service Relais Station de taxi à Cassis; 13260; CASSIS;04 42 62 13 13;ucar.aubagne@gmail.com
UCAR RELAIS HOTEL CESAR;Service de relais GARE HOTEL LE CESAR; 13190; ALLAUCH;04 91 64 61 62;ucar.allauch@orange.fr
UCAR RELAIS AUBAGNE;Service de Relais AUBAGNE-AGENCE; 13014; MARSEILLE;0496169616;ucar.marseille@gmail.com
UCAR RELAIS GARE ST CHARLES;Service de relais GARE-AGENCE; 13014; MARSEILLE;04 96 16 96 16;ucar.marseille@gmail.com
UCAR RELAIS LA VALENTINE;Service de relais LA VALENTINE-AGENCE; 13014; MARSEILLE;04 96 16 96 16;ucar.marseille@gmail.com
OPEL RENT ARLES;Av des Arches; 13200; ARLES;04 90 18 88 22;opelrentarles@orange.fr
OPEL RENT SALON DE PROVENCE;551 Avenue du 22 aout 1944; 13300; SALON DE PROVENCE;04 90 53 85 33;opelrent.salon@laposte.net
OPEL RENT CAEN;10; Rue de la Haye Mariaise; 14000;02 31 47 14 44;transacauto.caen.opelrent@opel.gmfrance.fr
OPEL RENT ANGOULEME;105 Route de Paris; 16160; LE GOND PONTOUVRE;05 45 68 15 50;opel.rent@morgans.fr
OPEL RENT SAINTES;17 rue De l'Ormeau de Pied; 17100; SAINTES;05 46 93 02 22;opel.rent@barns.fr
UCAR BOURGES CENTRE;21 Avenue Jean Jaurès; 18000; BOURGES;02 48 70 63 33;bourges@ucar.fr
UCAR BRIVE LA GAILLARDE;23 bis Avenue du President Roosevelt; 19100; BRIVE LA GAILLARDE;05 55 88 11 11;ucar.brive@orange.fr
UCAR GIMEL LES CASCADES-TULLE;La Bitarelle; 19800; GIMEL LES CASCADES;05 55 21 60 01;euromulticar19@orange.fr
UCAR AJACCIO (CORSE);Route du stiletto; 20290; AJACCIO;04 95 27 05 05;corsicalocation2b@orange.fr
UCAR BASTIA (CORSE);893 Avenue De Valrose RN193; 20290; BORGO;04 95 35 10 10;corsicalocation2b@orange.fr
UCAR BASTIA BORGO AEROPORT;Service relais AEROPORT-AGENCE; 20290; BORGO;04 95 35 10 10;corsicalocation2b@orange.frr
UCAR BASTIA BORGO GARE;Service relais GARE-AGENCE; 20290; BORGO;04 95 35 10 10;corsicalocation2b@orange.fr
UCAR BASTIA BORGO PORT;Service relais PORT-AGENCE; 20290; BORGO;04 95 35 10 10;corsicalocation2b@orange.fr
UCAR RELAIS AEROPORT AJACCIO;Service relais AEROPORT-AGENCE; 20290; AJACCIO;04 95 27 05 05;ajaccio@votreagenceucar.fr
UCAR RELAIS GARE AJACCIO;Service relais GARE-AGENCE; 20290; AJACCIO;04 95 27 05 05;ajaccio@votreagenceucar.fr
UCAR RELAIS PORT AJACCIO;Service relais PORT-AGENCE; 20290; AJACCIO;04 95 27 05 05;ajaccio@votreagenceucar.fr
UCAR AJACCIO (CORSE);Route du stiletto; 20290; AJACCIO;04 95 27 05 05;corsicalocation2b@orange.fr
UCAR BASTIA (CORSE);893 Avenue De Valrose RN193; 20290; BORGO;04 95 35 10 10;corsicalocation2b@orange.fr
UCAR BASTIA BORGO AEROPORT;Service relais AEROPORT-AGENCE; 20290; BORGO;04 95 35 10 10;corsicalocation2b@orange.frr
UCAR BASTIA BORGO GARE;Service relais GARE-AGENCE; 20290; BORGO;04 95 35 10 10;corsicalocation2b@orange.fr
UCAR BASTIA BORGO PORT;Service relais PORT-AGENCE; 20290; BORGO;04 95 35 10 10;corsicalocation2b@orange.fr
UCAR RELAIS AEROPORT AJACCIO;Service relais AEROPORT-AGENCE; 20290; AJACCIO;04 95 27 05 05;ajaccio@votreagenceucar.fr
UCAR RELAIS GARE AJACCIO;Service relais GARE-AGENCE; 20290; AJACCIO;04 95 27 05 05;ajaccio@votreagenceucar.fr
UCAR RELAIS PORT AJACCIO;Service relais PORT-AGENCE; 20290; AJACCIO;04 95 27 05 05;ajaccio@votreagenceucar.fr
UCAR DIJON CAP NORD;6 Rue de la Brot; 21100; DIJON;03 80 28 85 60;jvlocation@gmail.com
OPEL RENT ST BRIEUC;Rue du verger - ZI Bourdinière; 22120; YFFINIAC;02 96 63 36 08;opelrent@hamon-automobiles.fr
UCAR MONTBELIARD;66 Faubourg de Besançon; 25200; MONTBELIARD;03 81 91 17 91;ucar.montbeliard@orange.fr
UCAR MONTBELIARD RELAIS TGV;Service relais GARE-TGV; 25200; MONTBELIARD;03 81 91 17 91;ucar.montbeliard@orange.fr
OPEL RENT PONTARLIER;6 rue Donnet Zedel; 25300; PONTARLIER;03 81 46 26 00;Opel-rent-pontarlier@deffeuille.fr
UCAR EVREUX LA MADELEINE;182 Route d'Orléans; 27000; EVREUX;02 32 23 20 20;jfb.location@orange.fr
UCAR VERNON - SAINT MARCEL;3 Rue des Champs ; 27950; SAINT MARCEL;02 32 21 14 14;ucar.vernon@orange.fr
OPEL RENT EVREUX;Chemin Communal n°28; 27930; ANGERVILLE LA CAMPAGNE;02 32 23 70 01;opelrentevreux@hotmail.fr
OPEL RENT VERNON;14 route de Rouen; 27950; SAINT JUST;02 32 51 07 66;opel.rent@saintjust-auto.fr
UCAR DREUX;11 Rue de Vernouillet; 28100; DREUX;02 37 43 57 11;HMLOCATION@gmail.com
OPEL RENT CHARTRES;11 Av du Val de l'Eure Euroval; 28630; FONTENAY SUR EURE;02 37 18 23 14;opel-rent-chartres@wanadoo.fr
OPEL RENT DREUX;Centre Commercial Plein Sud; 28500; VERNOUILLET;02 37 38 94 19;opelrent-dreux@groupe-berteaux.fr
OPEL RENT QUIMPER;5 rue ROSA PARK - ZAC Du PETIT GUELEN; 29000; QUIMPER;02 98 98 01 06;opelrent@auto-concept-quimper.fr
OPEL RENT BREST;Bd de l'Europe ZI de Kergonan; 29200; BREST;02 98 41 29 96;nadine.opelrent@hotmail.fr
UCAR NIMES OUEST;1800 Avenue du Marechal Juin; 30900; NIMES;04 66 26 41 31;ucar.nimes@gmail.com
UCAR RELAIS GARE TGV;Service de Relais Gare Agence NIMES; 30900; NIMES;04 66 26 41 31;ucar.nimes@gmail.com
OPEL RENT NIMES;170 Rue du Père Brottier; 30900; NIMES;04 66 70 96 96;opelrentnimes@orange.fr
UCAR AUCAMVILLE;13 ROUTE DE FRONTON; 31140; AUCAMVILLE;05 61 70 10 00;ucar.aucamville@orange.fr
UCAR TOULOUSE-LABEGE;Route de Bazieges; 31670; LABEGE;05 61 39 96 85;ucar.labege@orange.fr
OPEL RENT MURET;Impasse Jacques Monod RN 117 ; 31600; MURET;05 61 00 07 76;laetitia.averous@groupe-sipa.fr
OPEL RENT TOULOUSE LABEGE;Chemin de Lalande; 31670; TOULOUSE-LABEGE;05 61 00 07 76;laetitia.averous@groupe-sipa.fr
OPEL RENT TOULOUSE MIRAIL;Rue Emile Baudot; 31000; TOULOUSE;05 34 60 96 12;laetitia.averous@groupe-sipa.fr
OPEL RENT TOULOUSE;167 avenue des ETATS UNIS ; 31300; TOULOUSE;05 61 00 07 76;laetitia.averous@groupe-sipa.fr
OPEL RENT AUCH;ZI Au Sousson- Route de Tarbes; 32550; PAVIE;05 62 05 52 02;sudauto.auch.vente@opel.gmfrance.fr
UCAR BARRIERE D'ARES;29 Boulevard Antoine Gautier; 33000; BORDEAUX;05 56 05 60 00;ucar.bordeaux@orange.fr
UCAR BORDEAUX CHARTRONS;9 Avenue Emile Counord ; 33000; BORDEAUX;05 56 69 20 00;ucar.bordeaux@gmail.com
UCAR MERIGNAC;34 Avenue de l’Argonne; 33700; MERIGNAC;05 57 87 16 88;ucar.merignac@orange.fr
UCAR BORDEAUX RELAIS AEROPORT;Service de Relais AEROPORT-AGENCE; 33700; MERIGNAC;05 57 87 16 88;UCAR.MERIGNAC@ORANGE.FR
UCAR RELAIS MERIGNAC AEROPORT;Service de relais AEROPORT-AGENCE; 33700; MERIGNAC;05 57 87 16 88;UCAR.MERIGNAC@orange.fr
UCAR BORDEAUX BASTIDE;319 Avenue Thiers; 33100; BORDEAUX;05 56 69 10 00;ucar.bastide@gmail.com
UCAR LIBOURNE;68 Route de St Emilion; 33500; LIBOURNE;05 57 51 53 90;compta-carrosserie@orange.fr
UCAR ST ANDRE DE CUBZAC;480 Route de Bordeaux; 33240; ST ANDRE DE CUBZAC;05 57 43 84 20;ucar@mj2p.com
OPEL RENT BORDEAUX;469 Route du Médoc; 33523; BRUGES;05 56 57 41 66;opelrent.bruges@pigeonlesite.fr
OPEL RENT VILLENAVE D'ORNON;363 Route de Toulouse; 33140; VILLENAVE D ORNON;05 56 37 03 20;opelrentavi@pigeonlesite.fr
UCAR MONTPELLIER;1 ; Rue du Lantissargues; 34070 ;04 67 55 00 64;MONTPELLIER@votreagenceucar.fr
UCAR RELAIS GARE MONTPELLIER;Service relais GARE-AGENCE ; 34070 ; MONTPELLIER;04 67 55 00 64;MONTPELLIER@votreagenceucar.fr
UCAR AEROPORT MONTPELLIER M.;Service de Relais AEROPORT-AGENCE; 34970; LATTES;04 67 15 15 00;ucarmontpellier@orange.fr
UCAR MONTPELLIER LATTES;55 Rue de Mistral; 34970; LATTES;04 67 15 15 00;ucarmontpellier@orange.fr
OPEL RENT MONTPELLIER;56 Avenue du Marché Gare ; 34074; MONTPELLIER;04 67 06 09 18;Opelrent@france-auto.net
UCAR RENNES OUEST;220; Route de Lorient; 35000 ;02 99 59 03 03;ucar@adequat-rennes.fr
UCAR RENNES RELAIS AEROPORT;Service de relais AEROPORT-AGENCE; 35000; RENNES;02 99 59 03 03;ucar@adequat-rennes.fr
UCAR RENNES RELAIS GARE TGV;Service de relais GARE TGV-AGENCE; 35000; RENNES;02 99 59 03 03;ucar@adequat-rennes.fr
UCAR RENNES EST- CESSON;12 Rue de Bray; 35510; CESSON SEVIGNE;02 99 26 16 16;ucar.cesson@adequat-rennes.fr
UCAR CHATEAUROUX CENTRE;41-43 Boulevard des Marins; 36000; CHATEAUROUX;02 54 27 54 27;chateauroux@ucar.fr
UCAR TOURS NORD;288 Av André Maginot; Auchan; 37100;02 47 54 20 76;tours@ucar.fr
UCAR TOURS SUD CHAMBRAY;44 Avenue du Grand Sud; 37170; TOURS SUD CHAMBRAY;02 47 48 28 88;chambray@ucar.fr
OPEL RENT TOURS NORD;211 Bd Général de Gaulle; 37540; SAINT CYR SUR LOIRE;02 47 49 14 12;opelrentstcyr@pgamotors.com
OPEL RENT TOURS SUD;ZI de la Vrillonnerie ; 37170; CHAMBRAY LES TOURS;02 47 28 82 90;tasarent@pgamotors.com
UCAR BOURGOIN JALLIEU;29 Route de lyon; 38300; BOURGOIN-JALLIEU;04 37 03 46 74;bourgoin@votreagenceucar.fr
UCAR RELAIS ST EXUPE. AEROPORT;Service relais AEROPORT-AGENCE; 38300; BOURGOIN-JALLIEU;04 37 03 46 74;bourgoin@votreagenceucar.fr
UCAR BLOIS;76 Avenue Vendome; 41000; BLOIS;02 54 43 48 22;blois@ucar.fr
UCAR ROANNE LE COTEAU;187 av de la Libération; 42120; LE COTEAU;04 77 69 68 75;ucarroanne@orange.fr
UCAR ST ETIENNE;62 Boulevard Fauriat; 42000; SAINT ETIENNE;04 77 25 50 00;ucarstetienne@orange.fr
OPEL RENT SAINT ETIENNE;Rue Verney Carron; 42000; SAINT ETIENNE;04 77 91 04 00;opelrent@bougault-sa.fr
UCAR NANTES BD JULES VERNE;174 boulevard Jules Verne; 44300; NANTES;02 40 50 70 24;nantes.julesverne@votreagenceucar.fr
UCAR NANTES REZE;Zone Atout Sud 24 rue Abbé Grégoire; 44400; REZE;02 40 75 28 00;contact@ucar-nantes.fr
UCAR RELAIS TRAM HALUCHERE;Service de relais TRAM-AGENCE; 44300; NANTES;02 40 50 70 24;nantes.julesverne@votreagenceucar.fr
UCAR NANTES - SAINT-HERBLAIN;28 rue Olympe de Gouges; 44800 ; SAINT-HERBLAIN;02 28 27 59 85;contact@ucar-nantes.fr
UCAR NANTES RTE DE RENNES;190 Route de Rennes; 44300; NANTES;02 40 40 16 06;contact@ucar-nantes.fr
UCAR RELAIS GARE NANTE NORD;Service de relais GARE-AGENCE; 44300; NANTES;02 40 50 70 24;nantes.julesverne@votreagenceucar.fr
UCAR RELAIS GARE-SUD-NANTES;Service de relais GARE-SUD-AGENCE; 44000; REZE;02 40 75 28 00;contact@ucar-nantes.fr
UCAR RELAIS AEROPORT NANTES;Service de relais AEROPORT-AGENCE; 44000; REZE;02 40 75 28 00;contact@ucar-nantes.fr
UCAR LA CHAPELLE BASSE MER;18 Rue Jean Monnet ZA de la sensive; 44450 ; LA CHAPELLE BASSE MER;02 40 06 07 02;sarltavernierauto@orange.fr
UCAR VALLET;4 rue de la grd Perriere Zi des Dorices ; 44330; VALLET;02 40 80 32 82;ucar.lepallet@wanadoo.fr
OPEL RENT NANTES;360 Route de Vannes; 44703; ORVAULT;02 40 67 68 04;cfreulon@bsa-atlantique.com
UCAR ORLEANS-OLIVET;1066 Rue Bergeresse; 45160; OLIVET;02 38 64 13 13;olivet@ucar.fr
UCAR ORLEANS-SARAN CC CAP SAR.;163; Rue Thomas Edison; 45770;02 38 73 06 66;saran@ucar.fr
OPEL RENT MONTARGIS;693 Rue Saint Firmin des Vignes; 45200; AMILLY;02 38 07 14 90;amillypassion.montargis.atelier@opel.gmfrance.fr
OPEL RENT ORLEANS;25 Route d'Orléans; 45380; LA CHAPELLE ST MESNIN;02 38 73 71 20;opelrent-orleans@pgamotors.com
UCAR CAHOR LAMAGDELAINE;318; Route de Cahors; 46090 ;05 65 22 52 47;tocaben.alain.lamagdelaine02@reseau.renault.fr
UCAR AGEN;ROND POINT TRIGNAC; 47240; CASTELCULIER;05 53 47 80 00;ucar.agen@orange.fr
UCAR RELAIS AGEN AEROPORT;Service de relais AEROPORT-AGENCE; 47520; LE PASSAGE;05 53 47 80 00;ucar.agen@orange.fr
UCAR CHOLET;27 Avenue Edmond Michelet; 49300; CHOLET;02 41 62 60 18;ucarcholet@orange.fr
UCAR RELAIS GARE CHOLET;Service relais GARE-AGENCE; 49300; CHOLET;02 41 62 60 18;ucarcholet@orange.fr
OPEL RENT ANGERS;8; Boulevard de la liberté; 49000;02 41 68 91 36;ojobard@pgamotors.com
OPEL RENT CHOLET;18; av Edmond Michelet ; 49300;02 41 65 78 44;svivion@pgamotors.com
OPEL RENT SAUMUR;1950 Route de Cholet - ZI de Distré; 49400; SAUMUR;02 41 50 04 26;gboisse@pgamotors.com
UCAR CHALONS EN CHAMPAGNE;7 avenue de la gare ; 51000; CHALONS EN CHAMPAGNE;03 26 65 44 44;chalons51@votreagenceucar.fr
UCAR REIMS PARC DE CHAMPAGNE;19 Bis Avenue Henri Farman; 51100; REIMS;03 26 07 43 43;reims@ucar.fr
OPEL RENT CHALONS EN CHAMPAGNE;153 Avenue Pierre Semard BP41; 51510; FAGNIERES;03 26 68 79 75;opelrent@opel-rennesson.fr
OPEL RENT EPERNAY;ZAC Val de Champagne; 51200; EPERNAY;03 26 56 45 15;opelrent.epernay@wanadoo.fr
OPEL RENT REIMS;1 Rue Léna Bernstein; 51100; REIMS;03 26 08 77 29;opel.rent.reims@hotmail.fr
UCAR ST-DIZIER;30 rue de Vergy; 52100; SAINT DIZIER;03 25 04 36 36;saint-dizier@votreagenceucar.fr
OPEL RENT SAINT DIZIER;CC du Chêne St Amand; 52102; SAINT DIZIER;03 25 56 95 62;dreneri.stdizier.vente@opel.gmfrance.fr
UCAR LAVAL;13 Rue du Bourny; 53000; LAVAL;02 43 90 30 30;laval@votreagenceucar.fr
UCAR LAVAL RELAIS GARE;13 Rue de Bourny; 53000; LAVAL;02 43 90 30 30;laval@votreagenceucar.fr
UCAR PONT A MOUSSON;1156 Route de Vandières; 54700; PONT A MOUSSON;null;ucar-pam@orange.fr
OPEL RENT PONTIVY;6; rue Hélène et Victor Basch; 56300;02 97 25 73 78;opelrentpontivy@orange.fr
OPEL RENT VANNES;Rue Marcellin Berthelot; 56000; VANNES;02 97 40 78 78;opelrentvannes@orange.fr
UCAR RELAIS GARE HAGONDANGE;Service relais GARE-AGENCE; 57525; TALANGE;03 87 70 49 64;ucartalange1@orange.fr
UCAR ZONE DU TRIANGLE;Zone du Triangle; 57525; TALANGE;03 87 70 49 64;ucartalange1@orange.fr
UCAR METZ ACTIPOLE;8 Rue Joseph Cugnot; 57070; METZ;03 87 57 57 57;alfa-location@orange.fr
UCAR SAINT AVOLD;41 Rue du General Mangin; 57500; SAINT AVOLD;03 87 00 14 45;easyrent@orange.fr
UCAR METZ NORD;100 Route de Thionville; 57050; METZ;03 87 30 01 50;metz@ucar.fr
UCAR THIONVILLE;80; Route de Metz; 57100;03 82 82 78 18;thionville@ucar.fr
UCAR SARREGUEMINES;77 Rue de France ; 57200; SARREGUEMINES;03 87 09 11 60;autoserviceplus2@wanadoo.fr
UCAR COSNE SUR LOIRE;97 Rue Marechal LECLERC; 58200; COSNE SUR LOIRE;03 86 24 24 24;carole.decoux58@orange.fr
UCAR CAMBRAI CENTRE;2 Rue Louis Blériot; 59400; CAMBRAI;03 27 81 33 85;cambrai@ucar.fr
UCAR DOUAI GARE;Place de la Gare ; 59505; DOUAI;03 27 87 48 16;douai@ucar.fr
UCAR LILLE CENTRE;34 Boulevard J.Baptiste Lebas; 59000; LILLE;03 20 52 50 00;lille@ucar.fr
UCAR MAUBEUGE-LOUVROIL;36 Route d'Avesnes; 59720; MAUBEUGE-LOUVROIL;03 27 62 88 00;louvroil@ucar.fr
UCAR VALENCIENNES GARE;31 Avenue du Sénateur Girard; 59300; VALENCIENNES;03 27 33 31 80;valenciennes@ucar.fr
OPEL RENT DUNKERQUE;Av de la Villette Sortie 58; 59640; PETITE SYNTHE;03 28 64 86 68;opelrent@westauto.fr
OPEL RENT LILLE;Centre Commercial d'Englos ; 59320; LILLE ENGLOS;03 20 22 71 90;opelrent@eurauto.net
OPEL RENT MAUBEUGE;24-26 Boulevard de l'Europe; 59600; MAUBEUGE;03 27 64 41 94;garagedeleurope@wanadoo.fr
OPEL RENT TOURCOING;66 bis; rue du Dronckaert; 59223;03 20 69 05 16;opel-rent@serva.fr
OPEL RENT VILLENEUVE D'ASCQ;21 rue Jules Guesde; 59650; VILLENEUVE D'ASCQ;03 28 14 59 55;opelrent@krystalsas.fr
UCAR ST MAXIMIN;ZAET de Bois St Romain; 60740; ST MAXIMIN;03 44 55 11 90;jakalocation@orange.fr
UCAR BEAUVAIS AEROPORT;Aéroport Beauvais Tillé; 60000; BEAUVAIS;03 44 06 49 00;beauvais@ucar.fr
UCAR COMPIEGNE GARE;26 Quinter; Rue de Clermont; 60200;03 44 36 35 90;compiegne@ucar.fr
OPEL RENT BEAUVAIS;Av P et M Curie ; 60000; BEAUVAIS;03 44 02 84 58;mvibert@beauvais-auto.fr
UCAR BETHUNE GARE;295 Avenue de Lens; 62400; BETHUNE;03 21 57 28 15;bethune@ucar.fr
UCAR LENS CENTRE;68 Avenue Alfred Maës; 62300; LENS;03 21 28 46 52;lens@ucar.fr
OPEL RENT ST OMER;ZI Fort Maillebois; 62219; LONGUENESSE;03 21 38 11 87;opelrent@lemoinesas.fr
OPEL RENT ARRAS;1 Avenue des Coquelicots ; 62217; BEAURAINS;03 21 16 30 50;c.deleserre@groupe-lempereur.com
OPEL RENT CALAIS;40 Rue de Lille; 62100; CALAIS;03 21 85 87 28;christelle.beauchamp@prioplus.com
UCAR CLT FERRAND QUARTIER GARE;74 Avenue Edouard Michelin; 63100; CLERMONT FERRAND;04 73 14 90 00;ucarcf@orange.fr
UCAR RIOM ESPACE MOZAC;Z.A des Gardelles; 63200; MALAUZAT;04 73 38 40 46;ucar-riom@wanadoo.fr
OPEL RENT CLERMONT-FERRAND;136; Avenue de Cournon; 63170;04 73 98 66 62;le_brezet@opelrent.fr
OPEL RENT BAYONNE;ZAC du Golf; 64200; BASSUSSARRY;05 59 70 40 24;opelrent@lafontaine64.fr
OPEL RENT PAU;129 Boulevard Charles de Gaulle; 64140; LONS;05 59 32 38 77;opelrent@automobilespau.fr
UCAR PERPIGNAN CENTRE;6 Boulevard Henri Poincarré; 66000; PERPIGNAN;04 68 55 97 11;hernes.petyt@wanadoo.fr
UCAR PERPIGNAN ST CHARLES;110 Avenue Georges Caustier; 66000; PERPIGNAN;04 68 83 36 20;hernes.petyt66@orange.fr
UCAR RELAIS AEROPORT PERPIGNAN;Service relais AEROPORT-AGENCE; 66000; PERPIGNAN;04 68 55 97 11;hernes.petyt@wanadoo.fr
UCAR RELAIS GARE PERPIGNAN;Service relais GARE-AGENCE; 66000; PERPIGNAN;04 68 55 97 11;hernes.petyt@wanadoo.fr
OPEL RENT PERPIGNAN;183 Chemin de la Fauceille; 66100; PERPIGNAN;04 68 68 16 16;opelrentperpignan@hotmail.fr
UCAR STRASBOURG;Rue Charles Peguy; 67000; STRASBOURG;03 90 20 49 49;strasbourg@ucar.fr
UCAR OBERNAI;Boulevard de l'Europe; 67210; OBERNAI;03 88 99 39 02;ucar.obernai@orange.fr
UCAR HOENHEIM-STRASBOURG NORD;3 Rue Emile Mathis; 67800; HOENHEIM;03 88 04 09 09;HOENHEIM@ucar.fr
UCAR RELAIS GARE OBERNAI;Service relais GARE - AGENCE; 67210; OBERNAI;03 88 99 39 02;ucar.obernai@orange.fr
UCAR RELAIS CAMPING OBERNAI;Service relais CAMPING - AGENCE; 67210; OBERNAI;03 88 99 39 02;ucar.obernai@orange.fr
OPEL RENT STRASBOURG;41 Route du Rhin; 67100; STRASBOURG;03 88 84 99 63;opelrentetoile@groupe-knoch.fr
OPEL RENT STRASBOURG;3; allée de l'Euro; 67205;03 88 56 05 62;opelrentmittel@groupe-knoch.fr
UCAR ILLZACH ILE NAPOLEON;11 Avenue de Hollande; 68110; ILLZACH;03 89 61 79 30;ucar.illzach@wanadoo.fr
UCAR MULHOUSE GARE DU NORD;186 Rue Josué Hofer; 68100; MULHOUSE;03 89 60 03 00;ucar.mulhouse@wanadoo.fr
UCAR COLMAR;10 Rue A Kiener; 68000; COLMAR;03 89 41 30 26;colmar@ucar.fr
OPEL RENT MULHOUSE;23 Rue de Thann BP 2018 ; 68058; MULHOUSE;03 89 33 27 50;i.bluntzer.muller@groupe-andreani.com
UCAR LYON VILLEURBANNE;215 rue LEON BLUM; 69100; LYON-VILLEURBANNE;04 72 83 52 04;ucarvilleurbanne@yahoo.fr
UCAR LYON-CHAMPAGNE AU MT D'OR;2 Av General de Gaulle; 69410; CHAMPAGNE AU Mt D'OR;04 72 54 53 03;champagne@votreagenceucar.fr
UCAR LYON ST PRIEST;76 Route de Grenoble; 69800; LYON SAINT-PRIEST;04 72 89 49 15;ucarsaintpriest69@gmail.com
UCAR LYON GERLAND;26-30 rue de Gerland; 69007; LYON;04 78 72 46 37;location-ucar-lyon@hotmail.fr
UCAR RELAIS GARE PART DIEU;Service relais GARE-AGENCE; 69007; LYON;04 78 72 46 37;location-ucar-lyon@hotmail.fr
UCAR RELAIS GARE PERRACHE;Service relais GARE-AGENCE; 69007; LYON;04 78 72 46 37;location-ucar-lyon@hotmail.fr
UCAR RELAIS AERO. ST EXUPERY;Service relais AGENCE AEROPORT ; 69800; LYON SAINT-PRIEST;04 72 89 49 15;ucarsaintpriest69@gmail.com
UCAR ST GENIS LAVAL;72 Avenue du Marechal Foch; 69230; ST GENIS LAVAL;04 78 56 09 03;sgas.location@yahoo.fr
OPEL RENT LYON VAISE;76; Rue Marietton; 69009;04 72 53 75 77;christine.verdone@atlantic-automobiles.fr
OPEL RENT LYON VENISSIEUX;8; Rue des Frères Bertrand; 69200 ;04 72 73 87 09;atlanticauto.lyon.atelier@opel.gmfrance.fr
UCAR SAINT MARCEL;18; AVENUE DE L’AUTOMOBILE; 71380;03 85 45 82 69;ucar@halldelautomobile.fr
UCAR LE MANS CENTRE;114-120 Boulevard Nicolas Cugnot; 72000; LE MANS;02 43 84 97 97;lemans@ucar.fr
UCAR LE MANS ZI SUD;Boulevard Pierre Lefaucheux; 72100; LE MANS;02 43 61 01 30;loca.auto.inter@wanadoo.fr
UCAR LE MANS CENTRE;114-120 Boulevard Nicolas Cugnot; 72000; LE MANS;02 43 84 97 97;lemans@ucar.fr
UCAR LE MANS ZI SUD;Boulevard Pierre Lefaucheux; 72100; LE MANS;02 43 61 01 30;loca.auto.inter@wanadoo.fr
UCAR CHAMBERY-PETIT QUINQUIN;151 Avenue de Chambery; 73230; CHAMBERY - ST ALBAN LEYSSE;04 79 25 25 25;axslocation@orange.fr
UCAR RELAIS GARE CHAMBERY;Service de Relais GARE-AGENCE; 73230; CHAMBERY - ST ALBAN LEYSSE;04 79 25 25 25;axslocation@orange.fr
UCAR CHAMBERY RELAIS AEROPORT;Service de Relais GARE-AEROPORT; 73230; CHAMBERY - ST ALBAN LEYSSE;04 79 25 25 25;axslocation@orange.fr
OPEL RENT CHAMBERY;453 Rue des Epinettes; 73290; CHAMBERY - LA MOTTE-SERVOLEX;04 79 68 78 78;n.gazzotti@bymycar.fr
UCAR ANNEMASSE VILLE LA GRAND;4 Rue Chantemerle; 74100; VILLE LA GRAND;04 50 79 61 36;ANNEMASSE@votreagenceucar.fr
UCAR RELAIS GARE ANNEMASSE;Service relais GARE-AGENCE; 74100; VILLE LA GRAND;04 50 79 61 36;ANNEMASSE@votreagenceucar.fr
UCAR ROUTE DE GENÈVE;1 Chemin d’Hirmentaz; 74200; THONON LES BAINS;04 50 26 13 13;ucar1@orange.fr
UCAR AERODROME ANNEMASSE;Service relais AERODROME ANNEMASSE; 74100; VILLE LA GRAND;04 50 79 61 36;annemasse@votreagenceucar.fr
OPEL RENT ANNEMASSE;29 Rue de la république; 74100; VILLE LA GRAND;04 50 43 22 55;croguet@pgamotors.com
UCAR PARIS 19 PTE BRUNET;29; Boulevard d’Algérie; 75019;01 42 00 72 75;contact@arent4you.fr
UCAR RELAIS MAGASINS GENERAUX;Service de relais MAGASINS GEN. - AGENCE; 75010; PARIS;01 42 03 02 03;ucarsaintlouis@yahoo.fr
UCAR RELAIS PTE DE PANTIN;Service de relais Pte de PANTIN - AGENCE; 75019; PARIS;01 42 00 72 75;contact@arent4you.fr
UCAR PARIS 07 ECOLE MILITAIRE;26 Villa Croix Nivert; 75015; PARIS;09 83 72 17 33;ucarparis7@gmail.com
UCAR PARIS 10 ST-LOUIS;18 av Claude Vellefaux; 75010; PARIS;01 42 03 02 03;ucarsaintlouis@yahoo.fr
UCAR PARIS 13 PLACE D ITALIE;176 Boulevard Vincent Auriol ; 75013; PARIS;01 53 60 10 10;ucar.paris13@orange.fr
UCAR PARIS 14 MONTPARNASSE;25 Rue Jean Zay; 75014; PARIS;01 42 18 40 08;ucarmontparnasse@bbox.fr
RELAIS GARE MONTPARNASSE;Service de relais GARE - AGENCE; 75014; PARIS;01 42 18 40 08;ucarmontparnasse@bbox.fr
UCAR PARIS 20 NATION;41 bis Cours de Vincennes; 75020; PARIS;01 43 56 01 09;bekade@orange.fr
UCAR RELAIS GARE DU NORD;Service de relais GARE - AGENCE; 75010; PARIS;01 42 03 02 03;ucarsaintlouis@yahoo.fr
UCAR RELAIS PRE ST GERVAIS;Service de relais Pre St GERVAIS; 75019; PARIS;01 42 00 72 75;contact@arent4you.fr
RELAIS GARE DE L'EST;Service de relais GARE - AGENCE; 75010; PARIS;01 42 03 02 03;ucarsaintlouis@yahoo.fr
UCAR RELAIS GARE DE LYON;Service de relais GARE - AGENCE; 75020; PARIS;01 43 56 01 09;bekade@orange.fr
UCAR RELAIS GARE DE BERCY;Service de relais GARE - AGENCE; 75020; PARIS;01 43 56 01 09;bekade@orange.fr
UCAR RELAIS MÉTRO PICPUS;Service de relais METRO - AGENCE; 75020; PARIS;01 43 56 01 09;bekade@orange.fr
OPEL RENT PARIS 11 NATION;160 - 162 rue de la Roquette; 75011; PARIS;01 44 93 87 85;opelrent.paris11@gmail.com
OPEL RENT PARIS 15;285; Rue Lecourbe; 75015;01 44 26 13 45;opelrent@pgm-lecourbe.com
UCAR ROUEN SUD;15 CHEMIN DU HALAGE BOULEVARD INDUSTRIEL; 76300; SOTTEVILLE LES ROUEN;02 78 77 08 08;rouensud@votreagenceucar.fr
UCAR GOURNAY EN BRAY;12 Boulvard de VERDUN; 76220; GOURNAY en BRAY;02 35 90 76 05;gournayenbray@votreagenceucar.fr
UCAR RELAIS GARE ROUEN;Service de relais GARE-AGENCE; 76000; ROUEN;02 35 72 00 00;rouen@votreagenceucar.fr
UCAR ROUEN;198 Boulevard Jean Jaures; 76000; ROUEN;02 35 72 00 00;rouen@votreagenceucar.fr
OPEL RENT ELBEUF;ZAC CD7; 76410; CLEON;02 35 77 85 37;opelrentcleon@hotmail.fr
OPEL RENT LE HAVRE;20 Rue Marcel Paul; 76600; LE HAVRE;02 35 25 97 27;nda.lehavre.vente@opel.gmfrance.fr
OPEL RENT BRIE COMTE ROBERT;ZA Haie Passart; 77170; BRIE COMTE ROBERT;01 60 62 58 05;opelrentbcr@brunet-automobiles.com
OPEL RENT LOGNES;8 bis; rue des Campanules; 77185;01 60 17 67 41;opel.rent.autoval@free.fr
OPEL RENT MELUN;4 rue Paul Henri Spaak; 77240; VERT SAINT DENIS;01 64 10 22 05;sgomes@brunet-automobiles.com
OPEL RENT FONTAINEBLEAU;Zone des Brulis; 77210; SAMOREAU;01 64 22 82 22;opelrentsamoreau@brunet-automobiles.com
UCAR PLAISIR;1 Rue Paul Langevin; 78370; PLAISIR;01 30 57 22 22;fp.location@orange.fr
UCAR CHATOU AVENUE FOCH;97 Avenue Foch; 78400; CHATOU;01 39 76 39 76;slvm@orange.fr
UCAR COIGNIERES N10;35 RN10 - route nationale 10; 78310; COIGNIERES;01 34 61 22 22;labellocsas@wanadoo.fr
UCAR RELAIS GARE VERSAILLES CH;Service de relais GARE-AGENCE; 78000; VERSAILLES;01 30 21 01 01;ucar-versailles@orange.fr
OPEL RENT COIGNIERES;1 RUE JACQUAND (Z.A Coignières); 78310; COIGNIERES;01 30 05 07 80;coignieres.contact@opel.gmfrance.fr
UCAR VERSAILLES;11 bis Rue des Chantiers; 78000; VERSAILLES;01 30 21 01 01;ucar-versailles@orange.fr
OPEL RENT SARTROUVILLE;157 Avenue de la république; 78500 ; SARTROUVILLE;01 39 15 71 79;opelrent-soa@hotmail.fr
OPEL RENT NIORT;Espace Mendes; rue J.Cousinet; 79000;05 49 17 85 51;cgoguet@pgamotors.com
OPEL RENT AMIENS;19 Route d'Amiens; 80480; DURY-LES-AMIENS;03 22 95 42 42;renel.amiens.atelier@opel.gmfrance.fr
OPEL RENT MONTAUBAN;ZAC Albasud; 82000; MONTAUBAN;05 63 02 93 93;opelrentmontauban@hotmail.fr
UCAR TOULON;149 Avenue François Cuzin; 83000; TOULON;04 94 62 94 63;toulon@votreagenceucar.fr
UCAR FAYENCE TOURRETTES;353 Chemin des Terrassonnes; 83440; TOURRETTES;04 94 39 79 35;ucar.tourrettes@orange.fr
UCAR OLLIOULES;127 Chemin de la Capellane; 83190 ; OLLIOULES;04 94 64 93 14;ollioules@votreagenceucar.fr
UCAR RELAIS HYERES AEROPORT;Service Relais Aeroport HYERES; 83000; TOULON;04 94 62 94 63;toulon@votreagenceucar.fr
UCAR RELAIS LA GARDE;Service relais LA GARDE; 83000; LA GARDE;04 94 62 94 63;toulon@votreagenceucar.fr
UCAR RELAIS LA VALETTE;Service Relais La Valette; 83000; LA VALETTE;04 94 62 94 63;toulon@votreagenceucar.fr
UCAR RELAIS SAINT MANDRIER;Service Relais SAINT MANDRIER; 83000; SAINT MANDRIER;04 94 62 94 63;toulon@votreagenceucar.fr
UCAR RELAIS BANDOL;Service de relais GARE-AGENCE; 83150; BANDOL;04 94 64 93 14;ollioules@votreagenceucar.fr
UCAR RELAIS LA SEYNE SUR MER;Service de relais GARE-AGENCE; 83500; LA SEYNE SUR MER;04 94 64 93 14;ollioules@votreagenceucar.fr
UCAR RELAIS SANARY;Service de relais GARE-AGENCE; 83110; SANARY;04 94 64 93 14;ollioules@votreagenceucar.fr
UCAR RELAIS SIX FOURS LES PLA.;Service de relais GARE-AGENCE; 83140; SIX FOURS LES PLAGES;04 94 64 93 14;ollioules@votreagenceucar.fr
UCAR RELAIS TOULON GARE;Service relais GARE-AGENCE; 83000; TOULON;04 94 64 93 14;ollioules@votreagenceucar.fr
UCAR FREJUS;272 RDN 7; 83600; FREJUS;04 94 44 55 55;frejus@votreagenceucar.fr
UCAR RELAIS GARE ST RAPHAEL;Service relais GARE-AGENCE; 83600; FREJUS;04 94 44 55 55;frejus@votreagenceucar.fr
UCAR RELAIS GARE DE FREJUS;Service relais GARE-AGENCE; 83600; FREJUS;04 94 44 55 55;frejus@votreagenceucar.fr
OPEL RENT TOULON;Avenue du Colonel Fabien; 83100; TOULON;04 94 46 77 74;opelrent-toulon@bruschetauto.com
UCAR RELAIS GARE TGV AVIGNON;Service de Relais Gare Agence AVIGNON; 84000; AVIGNON;04 90 14 01 01;ucar.avignon@gmail.com
UCAR AVIGNON CAP SUD;160 bis Rue Pierre Semard; 84000; AVIGNON;04 90 14 01 01;ucar.avignon@gmail.com
OPEL RENT AVIGNON;145 Rue J Demy ZAC Castelette; 84140; AVIGNON;0490811998;opelrentavignon@bruschetauto.com
OPEL RENT LA ROCHE SUR YON;73 rue de la croisée ZA Beaupuy; 85000; MOUILLERON LE CAPTIF;02 51 05 36 74;opelrent85@groupebarbier.fr
OPEL RENT POITIERS;Route de Saumur; 86440; MIGNE AUXANCES;05 49 54 12 84;opel.rent@adsa.fr
UCAR LIMOGES;375; RUE DE TOULOUSE- ZI ROMANET; 87000;05 55 55 88 88;limoges@votreagenceucar.fr
OPEL RENT LIMOGES;Avenue Louis Armand; 87021; LIMOGES;05 55 38 94 14;opelrent@autozinord.fr
UCAR BELFORT GARE;5 bis rue Aristide Briand; 90000; BELFORT;03 84 22 76 57;ucar.belfort@wanadoo.fr
UCAR BELFORT-MONBELIARD TGV;Service relais GARE-TGV; 90000; BELFORT;03 84 22 76 57;ucar.belfort@wanadoo.fr
UCAR LES ULIS COURTABOEUF;4 Avenue des Andes; 91940; LES ULIS;01 64 46 57 57;ucar-ulis@orange.fr
UCAR MASSY N20;194 Avenue du Marechal Leclerc; 91300; MASSY;01 60 10 60 10;ucar-massy@orange.fr
UCAR ST MICHEL SUR ORGE N104;84 Rue des Tiphoines; 91240; SAINT MICHEL SUR ORGE;01 69 01 69 01;ucar.91@wanadoo.fr
OPEL RENT ATHIS MONS;72-74 Av François Mitterand; 91200; ATHIS MONS;01 69 38 46 49;athismons-orly@opelrent.fr
OPEL RENT STE GENEVIEVE;4 avenue du bout du plessis; 91700; SAINTE GENEVIEVE DES BOIS;01 60 15 12 27;opel.rent@garageduchateau.fr
OPEL RENT VIGNEUX;7 Rue de la Longeraie; 91270; VIGNEUX SUR SEINE;01 69 40 32 76;opelrent@bda-sa.fr
OPEL RENT ORSAY LES ULIS;20 rue des Thuillère; 91940; GOMETZ LE CHATEL;01 60 12 71 06;opelrent@ulis-auto.fr
OPEL RENT MASSY;13 avenue du Maréchal Juin; 91300; MASSY;01 69 75 18 36;opelrent@aero91.fr
UCAR RELAIS GARE LA DEFENSE;Service relais GARE-AGENCE; 92400; COURBEVOIE;01 55 70 22 22;ucar-courbevoie@wanadoo.fr
UCAR RELAIS GARE PORTE MAILLOT;Service relais GARE-AGENCE; 92400; COURBEVOIE;01 55 70 22 22;ucar-courbevoie@wanadoo.fr
UCAR RELAIS NATIONALE 20;Service Relais Gare-Agence; 92220; BAGNEUX;01 45 46 20 20;acl9@wanadoo.fr
UCAR RELAIS GARE PTE. MAILLOT;Service de relais GARE-AGENCE; 92600; ASNIERES;01 40 86 76 76;asnieres@votreagenceucar.fr
UCAR PUTEAUX-LA DEFENSE;55-57 Rue Jean Jaurès; 92800; PUTEAUX;01 47 74 53 55;puteaux@ucar.fr
UCAR CLAMART;177 Avenue du General De Gaulle ; 92140; CLAMART;01 71 17 69 31;Clamart@votreagenceucar.fr
UCAR RELAIS ANTONY;Service Relais La Poste N20; 92160; ANTONY;01 60 10 60 10;ucar-massy@orange.fr
UCAR VELIZY RELAIS GARE;Service de relais GARE-AGENCE; 92140; CLAMART;01 71 17 69 31;Clamart@votreagenceucar.fr
UCAR VAL DE SEINE RELAIS GARE;Service de relais GARE-AGENCE; 92140; CLAMART;01 71 17 69 31;Clamart@votreagenceucar.fr
OPEL RENT CLAMART;321-323 Av Général de Gaulle; 92140; CLAMART;01 40 83 89 83;opelrent@aero92.fr
UCAR ST DENIS STADE DE FRANCE;56 Avenue Francis de Pressensé; 93200; SAINT DENIS;01 53 56 80 80;saintdenis@ucar.fr
UCAR LA COURNEUVE;116 Avenue Jean Mermoz; 93120; LA COURNEUVE;01 48 36 75 58;ucarlacourneuve93@orange.fr
UCAR NOISY LE SEC;58 rue de Paris; 93130; NOISY LE SEC;01 48 43 38 08;nls@votreagenceucar.fr
OPEL RENT LES LILAS;31 Rue du Garde Chasse; 93260; LES LILAS;01 48 44 88 89;opelrentleslilas@hotmail.fr
UCAR CACHAN N20;99 Avenue Aristide Briand; 94230; CACHAN;01 45 46 20 20;acl9@wanadoo.fr
OPEL RENT FRESNES;18 avenue de Stalingrad; 94262; FRESNES;01 46 15 40 35;opelrent@valmar.fr
OPEL RENT VINCENNES;2-4 Avenue Paul Déroulède; 94300; VINCENNES;01 43 28 92 88;opelrentvincennes@msn.com
UCAR CERGY;6 rue Francis COMBE; 95000; CERGY;01 34 41 51 30;ucar.cergy@gmail.com
UCAR BELLOY EN FRANCE;10 ROUTE DE VIARMES-HAMEAU DU BEAU-JOY; 95270; BELLOY EN FRANCE;01 30 35 70 58;corinne@car-consulting.fr
UCAR SAINT OUEN L AUMONE;56 rue de Paris ; 95310; SAINT OUEN L AUMONE;01 34 30 46 69;autorent95310@gmail.com
UCAR EAUBONNE ROUTE ST LEU;1 Route de Saint Leu; 95600; EAUBONNE;01 34 27 50 64;auto-location-95@orange.fr
UCAR RELAIS GARE CERGY P.;Service relais GARE-AGENCE; 95310; SAINT OUEN L AUMONE;01 34 30 46 69;autorent95310@gmail.com
OPEL RENT GONESSE;1 avenue Nungesser e coli; 95500; GONESSE;01 34 45 91 27;opelrentgonesse@yahoo.fr
UCAR RELAIS AEROP. PIERREFONDS;Service de relais AEROPORT-AGENCE; 97410; SAINT PIERRE;null;reunionlocation@gmail.com
UCAR RELAIS AEROP. ROLLAND G.;Service de relais Aéroport-Agence; 97400; ST-DENIS;null;reunionlocation@gmail.com
UCAR RELAIS GARE ROUTIERE;Service de relais GARE-AGENCE; 97400; ST-DENIS;null;reunionlocation@gmail.com
UCAR RELAIS GARE ROUTIERE;Service de relais GARE-AGENCE; 97410; SAINT PIERRE;null;reunionlocation@gmail.com
UCAR REUNION RELAIS ST GILLES;Service de relais ST GILLES-ST PIERRE; 97410; SAINT PIERRE;null;reunionlocation@gmail.com
UCAR REUNION RELAIS ST PAUL;Service de relais ST-PAUL-ST DENIS; 97400; ST-DENIS;null;reunionlocation@gmail.com
UCAR REUNION SAINT PIERRE;76 allées des Aubepines ; 97410; SAINT PIERRE;null;reunionlocation@gmail.com
UCAR REUNION ST-DENIS;9 Boulevard Doret; 97400; ST-DENIS;null;reunionlocation@gmail.com
